Train ID,Congestion Level
T00001,6
T00002,7
T00003,4
T00004,0
T00005,8
T00006,1
T00007,6
T00008,1
T00009,1
T00010,1
T00011,0
T00012,0
T00013,6
T00014,6
T00015,5
T00016,8
T00017,6
T00018,3
T00019,8
T00020,0
T00021,2
T00022,7
T00023,0
T00024,7
T00025,0
T00026,7
T00027,1
T00028,3
T00029,6
T00030,8
T00031,6
T00032,4
T00033,2
T00034,3
T00035,8
T00036,0
T00037,2
T00038,5
T00039,0
T00040,0
T00041,7
T00042,2
T00043,7
T00044,0
T00045,9
T00046,3
T00047,1
T00048,9
T00049,4
T00050,1
T00051,9
T00052,5
T00053,6
T00054,4
T00055,3
T00056,4
T00057,0
T00058,1
T00059,4
T00060,0
T00061,8
T00062,4
T00063,3
T00064,8
T00065,8
T00066,6
T00067,4
T00068,6
T00069,9
T00070,5
T00071,9
T00072,3
T00073,5
T00074,2
T00075,8
T00076,4
T00077,4
T00078,0
T00079,8
T00080,7
T00081,5
T00082,4
T00083,4
T00084,0
T00085,6
T00086,4
T00087,0
T00088,7
T00089,1
T00090,4
T00091,1
T00092,7
T00093,3
T00094,4
T00095,5
T00096,9
T00097,9
T00098,8
T00099,0
T00100,7
T00101,9
T00102,8
T00103,5
T00104,8
T00105,7
T00106,1
T00107,5
T00108,7
T00109,3
T00110,7
T00111,3
T00112,3
T00113,9
T00114,4
T00115,5
T00116,1
T00117,8
T00118,9
T00119,1
T00120,8
T00121,7
T00122,9
T00123,3
T00124,9
T00125,7
T00126,3
T00127,5
T00128,0
T00129,4
T00130,7
T00131,4
T00132,4
T00133,8
T00134,1
T00135,5
T00136,3
T00137,6
T00138,7
T00139,1
T00140,7
T00141,2
T00142,8
T00143,8
T00144,7
T00145,6
T00146,1
T00147,4
T00148,0
T00149,0
T00150,3
T00151,5
T00152,4
T00153,7
T00154,4
T00155,2
T00156,6
T00157,5
T00158,0
T00159,8
T00160,2
T00161,2
T00162,7
T00163,5
T00164,9
T00165,4
T00166,2
T00167,7
T00168,6
T00169,5
T00170,1
T00171,3
T00172,4
T00173,1
T00174,0
T00175,4
T00176,3
T00177,9
T00178,4
T00179,9
T00180,2
T00181,8
T00182,9
T00183,1
T00184,4
T00185,2
T00186,7
T00187,5
T00188,4
T00189,6
T00190,5
T00191,4
T00192,0
T00193,3
T00194,2
T00195,1
T00196,5
T00197,4
T00198,0
T00199,7
T00200,3
T00201,8
T00202,7
T00203,1
T00204,7
T00205,8
T00206,1
T00207,0
T00208,1
T00209,7
T00210,8
T00211,6
T00212,8
T00213,8
T00214,1
T00215,7
T00216,6
T00217,3
T00218,4
T00219,5
T00220,2
T00221,1
T00222,7
T00223,0
T00224,7
T00225,9
T00226,0
T00227,4
T00228,8
T00229,2
T00230,9
T00231,1
T00232,6
T00233,4
T00234,6
T00235,0
T00236,0
T00237,5
T00238,3
T00239,1
T00240,4
T00241,2
T00242,2
T00243,4
T00244,1
T00245,4
T00246,5
T00247,2
T00248,9
T00249,6
T00250,5
T00251,6
T00252,9
T00253,9
T00254,3
T00255,0
T00256,2
T00257,8
T00258,5
T00259,7
T00260,2
T00261,6
T00262,1
T00263,6
T00264,5
T00265,6
T00266,2
T00267,7
T00268,6
T00269,3
T00270,2
T00271,5
T00272,0
T00273,7
T00274,4
T00275,3
T00276,0
T00277,5
T00278,3
T00279,2
T00280,6
T00281,2
T00282,4
T00283,1
T00284,6
T00285,9
T00286,4
T00287,2
T00288,3
T00289,5
T00290,0
T00291,6
T00292,4
T00293,8
T00294,3
T00295,3
T00296,9
T00297,1
T00298,4
T00299,1
T00300,9
T00301,2
T00302,8
T00303,7
T00304,1
T00305,2
T00306,5
T00307,4
T00308,2
T00309,1
T00310,8
T00311,2
T00312,3
T00313,4
T00314,7
T00315,7
T00316,5
T00317,2
T00318,3
T00319,5
T00320,8
T00321,0
T00322,2
T00323,0
T00324,1
T00325,8
T00326,7
T00327,9
T00328,3
T00329,4
T00330,7
T00331,8
T00332,0
T00333,8
T00334,9
T00335,1
T00336,8
T00337,7
T00338,6
T00339,3
T00340,8
T00341,7
T00342,3
T00343,2
T00344,8
T00345,1
T00346,0
T00347,4
T00348,6
T00349,3
T00350,3
T00351,5
T00352,2
T00353,2
T00354,5
T00355,1
T00356,0
T00357,4
T00358,1
T00359,5
T00360,3
T00361,5
T00362,3
T00363,3
T00364,0
T00365,8
T00366,0
T00367,3
T00368,1
T00369,5
T00370,2
T00371,6
T00372,1
T00373,5
T00374,9
T00375,2
T00376,7
T00377,4
T00378,8
T00379,8
T00380,7
T00381,9
T00382,1
T00383,3
T00384,6
T00385,9
T00386,5
T00387,7
T00388,4
T00389,4
T00390,1
T00391,9
T00392,3
T00393,2
T00394,1
T00395,4
T00396,4
T00397,4
T00398,3
T00399,0
T00400,2
T00401,6
T00402,3
T00403,5
T00404,4
T00405,5
T00406,9
T00407,3
T00408,7
T00409,4
T00410,8
T00411,7
T00412,5
T00413,7
T00414,0
T00415,4
T00416,7
T00417,3
T00418,1
T00419,6
T00420,1
T00421,6
T00422,4
T00423,8
T00424,1
T00425,3
T00426,8
T00427,5
T00428,8
T00429,1
T00430,7
T00431,8
T00432,0
T00433,2
T00434,1
T00435,1
T00436,7
T00437,1
T00438,7
T00439,8
T00440,5
T00441,2
T00442,3
T00443,0
T00444,8
T00445,9
T00446,2
T00447,5
T00448,6
T00449,5
T00450,2
T00451,0
T00452,0
T00453,7
T00454,5
T00455,2
T00456,5
T00457,9
T00458,1
T00459,1
T00460,7
T00461,3
T00462,9
T00463,6
T00464,9
T00465,0
T00466,9
T00467,3
T00468,3
T00469,0
T00470,2
T00471,6
T00472,7
T00473,3
T00474,3
T00475,1
T00476,8
T00477,6
T00478,8
T00479,2
T00480,5
T00481,6
T00482,9
T00483,8
T00484,8
T00485,6
T00486,8
T00487,4
T00488,3
T00489,7
T00490,8
T00491,5
T00492,5
T00493,7
T00494,0
T00495,5
T00496,1
T00497,5
T00498,7
T00499,9
T00500,0
T00501,1
T00502,3
T00503,3
T00504,9
T00505,1
T00506,0
T00507,2
T00508,1
T00509,4
T00510,0
T00511,7
T00512,1
T00513,1
T00514,2
T00515,2
T00516,0
T00517,9
T00518,1
T00519,5
T00520,6
T00521,5
T00522,3
T00523,7
T00524,6
T00525,6
T00526,6
T00527,0
T00528,6
T00529,7
T00530,9
T00531,1
T00532,7
T00533,2
T00534,0
T00535,7
T00536,0
T00537,8
T00538,5
T00539,2
T00540,2
T00541,1
T00542,1
T00543,2
T00544,9
T00545,7
T00546,6
T00547,6
T00548,9
T00549,9
T00550,9
T00551,2
T00552,2
T00553,3
T00554,4
T00555,4
T00556,6
T00557,0
T00558,2
T00559,4
T00560,7
T00561,9
T00562,2
T00563,3
T00564,4
T00565,3
T00566,6
T00567,8
T00568,7
T00569,1
T00570,1
T00571,9
T00572,0
T00573,2
T00574,6
T00575,1
T00576,3
T00577,7
T00578,3
T00579,5
T00580,7
T00581,6
T00582,7
T00583,8
T00584,2
T00585,0
T00586,6
T00587,2
T00588,8
T00589,4
T00590,5
T00591,0
T00592,6
T00593,6
T00594,1
T00595,0
T00596,0
T00597,2
T00598,0
T00599,6
T00600,1
T00601,0
T00602,6
T00603,1
T00604,3
T00605,9
T00606,0
T00607,8
T00608,1
T00609,9
T00610,0
T00611,1
T00612,5
T00613,3
T00614,9
T00615,0
T00616,1
T00617,4
T00618,0
T00619,5
T00620,6
T00621,5
T00622,0
T00623,0
T00624,2
T00625,4
T00626,9
T00627,8
T00628,3
T00629,1
T00630,3
T00631,2
T00632,6
T00633,9
T00634,4
T00635,3
T00636,9
T00637,0
T00638,5
T00639,9
T00640,6
T00641,6
T00642,8
T00643,2
T00644,6
T00645,0
T00646,7
T00647,0
T00648,5
T00649,3
T00650,4
T00651,5
T00652,6
T00653,3
T00654,1
T00655,5
T00656,2
T00657,4
T00658,6
T00659,9
T00660,1
T00661,7
T00662,4
T00663,8
T00664,3
T00665,5
T00666,6
T00667,9
T00668,3
T00669,2
T00670,6
T00671,6
T00672,4
T00673,0
T00674,4
T00675,4
T00676,5
T00677,2
T00678,7
T00679,3
T00680,8
T00681,7
T00682,6
T00683,1
T00684,0
T00685,7
T00686,8
T00687,3
T00688,1
T00689,3
T00690,9
T00691,6
T00692,8
T00693,0
T00694,6
T00695,7
T00696,3
T00697,8
T00698,0
T00699,5
T00700,8
T00701,6
T00702,5
T00703,5
T00704,0
T00705,5
T00706,0
T00707,4
T00708,2
T00709,2
T00710,7
T00711,4
T00712,1
T00713,8
T00714,8
T00715,9
T00716,1
T00717,1
T00718,5
T00719,6
T00720,3
T00721,2
T00722,2
T00723,8
T00724,1
T00725,1
T00726,4
T00727,5
T00728,5
T00729,1
T00730,0
T00731,2
T00732,0
T00733,5
T00734,7
T00735,8
T00736,4
T00737,9
T00738,8
T00739,3
T00740,5
T00741,2
T00742,6
T00743,5
T00744,8
T00745,5
T00746,1
T00747,6
T00748,8
T00749,1
T00750,3
T00751,7
T00752,0
T00753,9
T00754,2
T00755,0
T00756,5
T00757,2
T00758,0
T00759,6
T00760,8
T00761,1
T00762,6
T00763,3
T00764,5
T00765,0
T00766,1
T00767,5
T00768,7
T00769,9
T00770,6
T00771,9
T00772,9
T00773,5
T00774,5
T00775,0
T00776,5
T00777,2
T00778,0
T00779,4
T00780,1
T00781,8
T00782,0
T00783,9
T00784,9
T00785,9
T00786,6
T00787,0
T00788,3
T00789,9
T00790,3
T00791,9
T00792,7
T00793,8
T00794,7
T00795,0
T00796,3
T00797,8
T00798,8
T00799,0
T00800,0
T00801,4
T00802,9
T00803,8
T00804,2
T00805,0
T00806,7
T00807,6
T00808,6
T00809,5
T00810,6
T00811,6
T00812,2
T00813,8
T00814,5
T00815,2
T00816,4
T00817,1
T00818,1
T00819,7
T00820,6
T00821,5
T00822,1
T00823,7
T00824,8
T00825,9
T00826,0
T00827,1
T00828,4
T00829,9
T00830,1
T00831,7
T00832,2
T00833,1
T00834,6
T00835,9
T00836,2
T00837,9
T00838,3
T00839,9
T00840,1
T00841,9
T00842,4
T00843,4
T00844,7
T00845,8
T00846,3
T00847,3
T00848,9
T00849,5
T00850,7
T00851,9
T00852,1
T00853,6
T00854,4
T00855,1
T00856,1
T00857,6
T00858,0
T00859,4
T00860,7
T00861,5
T00862,5
T00863,5
T00864,8
T00865,1
T00866,1
T00867,3
T00868,5
T00869,3
T00870,1
T00871,7
T00872,0
T00873,1
T00874,3
T00875,7
T00876,5
T00877,3
T00878,9
T00879,9
T00880,1
T00881,5
T00882,2
T00883,9
T00884,2
T00885,3
T00886,5
T00887,8
T00888,2
T00889,6
T00890,2
T00891,6
T00892,6
T00893,1
T00894,6
T00895,0
T00896,1
T00897,9
T00898,1
T00899,3
T00900,5
T00901,9
T00902,2
T00903,0
T00904,8
T00905,1
T00906,5
T00907,4
T00908,9
T00909,7
T00910,8
T00911,5
T00912,9
T00913,4
T00914,0
T00915,2
T00916,8
T00917,0
T00918,1
T00919,5
T00920,3
T00921,5
T00922,7
T00923,8
T00924,9
T00925,1
T00926,1
T00927,3
T00928,2
T00929,3
T00930,1
T00931,5
T00932,4
T00933,2
T00934,6
T00935,9
T00936,3
T00937,8
T00938,6
T00939,5
T00940,0
T00941,4
T00942,1
T00943,6
T00944,9
T00945,6
T00946,9
T00947,6
T00948,8
T00949,2
T00950,1
T00951,2
T00952,4
T00953,1
T00954,1
T00955,9
T00956,5
T00957,4
T00958,2
T00959,9
T00960,4
T00961,1
T00962,6
T00963,9
T00964,2
T00965,4
T00966,9
T00967,0
T00968,2
T00969,4
T00970,2
T00971,4
T00972,9
T00973,2
T00974,4
T00975,2
T00976,7
T00977,9
T00978,1
T00979,8
T00980,6
T00981,0
T00982,1
T00983,0
T00984,3
T00985,9
T00986,2
T00987,0
T00988,4
T00989,0
T00990,5
T00991,0
T00992,1
T00993,7
T00994,0
T00995,4
T00996,3
T00997,7
T00998,2
T00999,6
T01000,1
T01001,8
T01002,0
T01003,3
T01004,0
T01005,1
T01006,1
T01007,4
T01008,9
T01009,6
T01010,1
T01011,9
T01012,1
T01013,1
T01014,7
T01015,0
T01016,1
T01017,1
T01018,5
T01019,3
T01020,8
T01021,5
T01022,0
T01023,7
T01024,5
T01025,4
T01026,3
T01027,2
T01028,4
T01029,5
T01030,6
T01031,6
T01032,6
T01033,1
T01034,4
T01035,4
T01036,2
T01037,6
T01038,0
T01039,0
T01040,5
T01041,6
T01042,5
T01043,5
T01044,7
T01045,6
T01046,1
T01047,1
T01048,5
T01049,3
T01050,5
T01051,7
T01052,2
T01053,6
T01054,3
T01055,9
T01056,2
T01057,2
T01058,1
T01059,1
T01060,5
T01061,5
T01062,5
T01063,8
T01064,0
T01065,1
T01066,3
T01067,8
T01068,7
T01069,1
T01070,4
T01071,0
T01072,8
T01073,5
T01074,5
T01075,8
T01076,2
T01077,9
T01078,6
T01079,2
T01080,1
T01081,7
T01082,0
T01083,3
T01084,0
T01085,7
T01086,2
T01087,2
T01088,9
T01089,3
T01090,2
T01091,9
T01092,6
T01093,9
T01094,7
T01095,7
T01096,8
T01097,5
T01098,8
T01099,1
T01100,7
T01101,9
T01102,6
T01103,9
T01104,0
T01105,8
T01106,3
T01107,5
T01108,5
T01109,9
T01110,1
T01111,4
T01112,9
T01113,6
T01114,6
T01115,9
T01116,2
T01117,8
T01118,0
T01119,9
T01120,1
T01121,1
T01122,5
T01123,4
T01124,5
T01125,8
T01126,9
T01127,9
T01128,3
T01129,1
T01130,2
T01131,0
T01132,7
T01133,5
T01134,8
T01135,5
T01136,0
T01137,8
T01138,2
T01139,6
T01140,6
T01141,8
T01142,4
T01143,0
T01144,2
T01145,0
T01146,7
T01147,9
T01148,0
T01149,1
T01150,0
T01151,5
T01152,4
T01153,3
T01154,7
T01155,5
T01156,6
T01157,6
T01158,8
T01159,0
T01160,2
T01161,1
T01162,9
T01163,9
T01164,3
T01165,8
T01166,6
T01167,7
T01168,0
T01169,3
T01170,3
T01171,8
T01172,3
T01173,6
T01174,8
T01175,3
T01176,8
T01177,0
T01178,5
T01179,9
T01180,4
T01181,8
T01182,7
T01183,0
T01184,3
T01185,2
T01186,0
T01187,1
T01188,2
T01189,8
T01190,2
T01191,2
T01192,9
T01193,3
T01194,1
T01195,7
T01196,7
T01197,0
T01198,0
T01199,5
T01200,9
T01201,3
T01202,4
T01203,7
T01204,2
T01205,1
T01206,4
T01207,7
T01208,0
T01209,0
T01210,4
T01211,7
T01212,0
T01213,6
T01214,4
T01215,0
T01216,9
T01217,6
T01218,2
T01219,1
T01220,6
T01221,0
T01222,8
T01223,9
T01224,9
T01225,5
T01226,6
T01227,5
T01228,4
T01229,8
T01230,6
T01231,5
T01232,5
T01233,5
T01234,7
T01235,5
T01236,3
T01237,4
T01238,8
T01239,5
T01240,7
T01241,8
T01242,8
T01243,7
T01244,0
T01245,2
T01246,5
T01247,3
T01248,0
T01249,6
T01250,6
T01251,5
T01252,7
T01253,0
T01254,5
T01255,7
T01256,1
T01257,1
T01258,8
T01259,7
T01260,5
T01261,5
T01262,4
T01263,3
T01264,0
T01265,5
T01266,4
T01267,2
T01268,1
T01269,4
T01270,5
T01271,8
T01272,2
T01273,9
T01274,7
T01275,7
T01276,1
T01277,1
T01278,0
T01279,4
T01280,2
T01281,3
T01282,2
T01283,7
T01284,9
T01285,5
T01286,3
T01287,6
T01288,5
T01289,9
T01290,5
T01291,9
T01292,4
T01293,9
T01294,5
T01295,3
T01296,5
T01297,2
T01298,0
T01299,3
T01300,3
T01301,5
T01302,8
T01303,5
T01304,1
T01305,0
T01306,2
T01307,8
T01308,4
T01309,3
T01310,1
T01311,9
T01312,8
T01313,0
T01314,7
T01315,9
T01316,9
T01317,1
T01318,8
T01319,1
T01320,3
T01321,9
T01322,7
T01323,7
T01324,4
T01325,0
T01326,1
T01327,7
T01328,4
T01329,9
T01330,7
T01331,1
T01332,9
T01333,3
T01334,2
T01335,5
T01336,1
T01337,5
T01338,6
T01339,9
T01340,2
T01341,8
T01342,9
T01343,1
T01344,4
T01345,9
T01346,8
T01347,5
T01348,1
T01349,8
T01350,4
T01351,4
T01352,1
T01353,1
T01354,5
T01355,3
T01356,8
T01357,4
T01358,2
T01359,1
T01360,1
T01361,5
T01362,2
T01363,4
T01364,6
T01365,0
T01366,2
T01367,9
T01368,7
T01369,4
T01370,1
T01371,8
T01372,6
T01373,4
T01374,1
T01375,4
T01376,4
T01377,3
T01378,4
T01379,2
T01380,5
T01381,7
T01382,2
T01383,9
T01384,6
T01385,4
T01386,0
T01387,3
T01388,9
T01389,3
T01390,4
T01391,1
T01392,2
T01393,8
T01394,4
T01395,9
T01396,8
T01397,4
T01398,4
T01399,3
T01400,9
T01401,2
T01402,8
T01403,6
T01404,1
T01405,1
T01406,9
T01407,2
T01408,2
T01409,0
T01410,0
T01411,9
T01412,4
T01413,1
T01414,4
T01415,0
T01416,8
T01417,4
T01418,2
T01419,4
T01420,7
T01421,4
T01422,4
T01423,5
T01424,7
T01425,2
T01426,0
T01427,1
T01428,1
T01429,8
T01430,3
T01431,7
T01432,7
T01433,6
T01434,3
T01435,2
T01436,0
T01437,8
T01438,4
T01439,1
T01440,9
T01441,3
T01442,0
T01443,3
T01444,6
T01445,0
T01446,0
T01447,3
T01448,7
T01449,5
T01450,9
T01451,4
T01452,8
T01453,8
T01454,5
T01455,5
T01456,2
T01457,2
T01458,3
T01459,0
T01460,4
T01461,8
T01462,6
T01463,2
T01464,9
T01465,1
T01466,8
T01467,1
T01468,0
T01469,2
T01470,8
T01471,5
T01472,5
T01473,4
T01474,5
T01475,8
T01476,1
T01477,6
T01478,2
T01479,0
T01480,0
T01481,0
T01482,9
T01483,7
T01484,1
T01485,9
T01486,2
T01487,9
T01488,7
T01489,9
T01490,9
T01491,4
T01492,7
T01493,6
T01494,5
T01495,2
T01496,5
T01497,7
T01498,2
T01499,5
T01500,5
T01501,7
T01502,8
T01503,2
T01504,9
T01505,8
T01506,4
T01507,3
T01508,5
T01509,3
T01510,3
T01511,7
T01512,4
T01513,2
T01514,4
T01515,7
T01516,9
T01517,5
T01518,7
T01519,6
T01520,8
T01521,6
T01522,6
T01523,7
T01524,5
T01525,8
T01526,2
T01527,7
T01528,3
T01529,8
T01530,6
T01531,3
T01532,4
T01533,9
T01534,5
T01535,4
T01536,2
T01537,4
T01538,6
T01539,1
T01540,4
T01541,9
T01542,6
T01543,1
T01544,2
T01545,1
T01546,2
T01547,1
T01548,7
T01549,0
T01550,5
T01551,9
T01552,7
T01553,1
T01554,8
T01555,8
T01556,7
T01557,5
T01558,5
T01559,1
T01560,2
T01561,9
T01562,6
T01563,9
T01564,2
T01565,2
T01566,9
T01567,6
T01568,2
T01569,0
T01570,3
T01571,4
T01572,1
T01573,1
T01574,9
T01575,7
T01576,6
T01577,7
T01578,5
T01579,3
T01580,0
T01581,6
T01582,3
T01583,1
T01584,4
T01585,9
T01586,0
T01587,1
T01588,0
T01589,8
T01590,8
T01591,6
T01592,2
T01593,0
T01594,0
T01595,3
T01596,1
T01597,5
T01598,0
T01599,4
T01600,5
T01601,7
T01602,2
T01603,7
T01604,3
T01605,9
T01606,5
T01607,0
T01608,8
T01609,3
T01610,7
T01611,1
T01612,7
T01613,3
T01614,4
T01615,4
T01616,7
T01617,2
T01618,5
T01619,4
T01620,5
T01621,3
T01622,4
T01623,7
T01624,1
T01625,4
T01626,7
T01627,8
T01628,9
T01629,8
T01630,1
T01631,5
T01632,6
T01633,7
T01634,0
T01635,0
T01636,6
T01637,3
T01638,6
T01639,5
T01640,6
T01641,3
T01642,7
T01643,7
T01644,7
T01645,2
T01646,0
T01647,2
T01648,9
T01649,6
T01650,3
T01651,0
T01652,2
T01653,6
T01654,1
T01655,0
T01656,5
T01657,0
T01658,2
T01659,9
T01660,9
T01661,4
T01662,6
T01663,4
T01664,9
T01665,9
T01666,7
T01667,6
T01668,3
T01669,7
T01670,9
T01671,4
T01672,5
T01673,9
T01674,8
T01675,8
T01676,1
T01677,8
T01678,3
T01679,0
T01680,2
T01681,2
T01682,4
T01683,4
T01684,7
T01685,0
T01686,0
T01687,5
T01688,3
T01689,3
T01690,9
T01691,6
T01692,2
T01693,5
T01694,7
T01695,0
T01696,9
T01697,8
T01698,7
T01699,9
T01700,0
T01701,8
T01702,8
T01703,8
T01704,4
T01705,4
T01706,2
T01707,3
T01708,2
T01709,6
T01710,5
T01711,4
T01712,6
T01713,9
T01714,2
T01715,5
T01716,1
T01717,5
T01718,3
T01719,2
T01720,7
T01721,8
T01722,8
T01723,2
T01724,8
T01725,9
T01726,1
T01727,6
T01728,6
T01729,8
T01730,1
T01731,6
T01732,6
T01733,2
T01734,8
T01735,1
T01736,7
T01737,4
T01738,7
T01739,3
T01740,9
T01741,4
T01742,1
T01743,2
T01744,8
T01745,4
T01746,9
T01747,0
T01748,2
T01749,9
T01750,4
T01751,3
T01752,5
T01753,4
T01754,7
T01755,4
T01756,7
T01757,2
T01758,8
T01759,1
T01760,2
T01761,2
T01762,2
T01763,1
T01764,6
T01765,6
T01766,6
T01767,1
T01768,6
T01769,3
T01770,9
T01771,6
T01772,8
T01773,9
T01774,9
T01775,6
T01776,3
T01777,9
T01778,4
T01779,8
T01780,2
T01781,9
T01782,5
T01783,9
T01784,0
T01785,0
T01786,9
T01787,8
T01788,0
T01789,6
T01790,5
T01791,0
T01792,3
T01793,2
T01794,1
T01795,8
T01796,7
T01797,7
T01798,9
T01799,4
T01800,2
T01801,0
T01802,9
T01803,1
T01804,4
T01805,5
T01806,1
T01807,2
T01808,9
T01809,9
T01810,8
T01811,7
T01812,3
T01813,3
T01814,0
T01815,7
T01816,0
T01817,1
T01818,6
T01819,2
T01820,4
T01821,5
T01822,4
T01823,2
T01824,4
T01825,6
T01826,1
T01827,9
T01828,4
T01829,0
T01830,2
T01831,4
T01832,1
T01833,1
T01834,5
T01835,1
T01836,3
T01837,5
T01838,6
T01839,3
T01840,0
T01841,5
T01842,1
T01843,4
T01844,5
T01845,3
T01846,3
T01847,8
T01848,0
T01849,9
T01850,1
T01851,3
T01852,1
T01853,6
T01854,1
T01855,3
T01856,9
T01857,9
T01858,9
T01859,0
T01860,1
T01861,9
T01862,3
T01863,0
T01864,2
T01865,6
T01866,7
T01867,0
T01868,9
T01869,2
T01870,1
T01871,8
T01872,9
T01873,9
T01874,8
T01875,9
T01876,3
T01877,7
T01878,6
T01879,3
T01880,9
T01881,5
T01882,9
T01883,1
T01884,5
T01885,7
T01886,1
T01887,1
T01888,4
T01889,9
T01890,8
T01891,1
T01892,9
T01893,8
T01894,9
T01895,6
T01896,3
T01897,3
T01898,4
T01899,9
T01900,6
T01901,2
T01902,0
T01903,4
T01904,8
T01905,1
T01906,0
T01907,1
T01908,0
T01909,8
T01910,0
T01911,2
T01912,3
T01913,3
T01914,9
T01915,9
T01916,9
T01917,3
T01918,7
T01919,1
T01920,2
T01921,6
T01922,3
T01923,3
T01924,8
T01925,3
T01926,9
T01927,5
T01928,4
T01929,4
T01930,8
T01931,4
T01932,0
T01933,7
T01934,2
T01935,3
T01936,4
T01937,0
T01938,1
T01939,6
T01940,8
T01941,1
T01942,0
T01943,9
T01944,1
T01945,9
T01946,5
T01947,0
T01948,2
T01949,4
T01950,8
T01951,9
T01952,9
T01953,2
T01954,5
T01955,2
T01956,5
T01957,1
T01958,9
T01959,8
T01960,7
T01961,4
T01962,3
T01963,6
T01964,3
T01965,5
T01966,9
T01967,4
T01968,6
T01969,6
T01970,3
T01971,1
T01972,2
T01973,3
T01974,0
T01975,6
T01976,4
T01977,1
T01978,7
T01979,0
T01980,7
T01981,0
T01982,3
T01983,9
T01984,2
T01985,4
T01986,0
T01987,0
T01988,3
T01989,7
T01990,6
T01991,0
T01992,1
T01993,5
T01994,9
T01995,6
T01996,7
T01997,1
T01998,7
T01999,1
T02000,2
T02001,3
T02002,3
T02003,7
T02004,3
T02005,5
T02006,1
T02007,7
T02008,7
T02009,6
T02010,6
T02011,1
T02012,9
T02013,7
T02014,1
T02015,8
T02016,3
T02017,3
T02018,4
T02019,9
T02020,3
T02021,1
T02022,9
T02023,1
T02024,6
T02025,5
T02026,6
T02027,5
T02028,6
T02029,8
T02030,3
T02031,9
T02032,8
T02033,4
T02034,2
T02035,5
T02036,8
T02037,4
T02038,1
T02039,2
T02040,0
T02041,7
T02042,4
T02043,9
T02044,0
T02045,9
T02046,8
T02047,0
T02048,6
T02049,2
T02050,6
T02051,9
T02052,1
T02053,4
T02054,5
T02055,8
T02056,8
T02057,1
T02058,9
T02059,0
T02060,8
T02061,9
T02062,1
T02063,7
T02064,7
T02065,8
T02066,3
T02067,3
T02068,0
T02069,2
T02070,6
T02071,3
T02072,0
T02073,2
T02074,0
T02075,5
T02076,4
T02077,3
T02078,8
T02079,3
T02080,2
T02081,2
T02082,0
T02083,5
T02084,7
T02085,8
T02086,1
T02087,8
T02088,1
T02089,2
T02090,4
T02091,3
T02092,2
T02093,5
T02094,3
T02095,6
T02096,7
T02097,8
T02098,7
T02099,0
T02100,4
T02101,6
T02102,4
T02103,0
T02104,6
T02105,2
T02106,2
T02107,1
T02108,9
T02109,4
T02110,6
T02111,9
T02112,8
T02113,3
T02114,4
T02115,4
T02116,6
T02117,3
T02118,9
T02119,7
T02120,6
T02121,7
T02122,5
T02123,0
T02124,8
T02125,6
T02126,6
T02127,4
T02128,7
T02129,5
T02130,2
T02131,9
T02132,7
T02133,6
T02134,4
T02135,5
T02136,5
T02137,2
T02138,9
T02139,3
T02140,3
T02141,4
T02142,1
T02143,1
T02144,3
T02145,0
T02146,7
T02147,6
T02148,8
T02149,9
T02150,1
T02151,3
T02152,2
T02153,7
T02154,5
T02155,3
T02156,8
T02157,8
T02158,1
T02159,0
T02160,7
T02161,0
T02162,8
T02163,1
T02164,5
T02165,8
T02166,4
T02167,0
T02168,0
T02169,7
T02170,5
T02171,4
T02172,8
T02173,1
T02174,7
T02175,7
T02176,8
T02177,9
T02178,7
T02179,2
T02180,8
T02181,4
T02182,2
T02183,2
T02184,6
T02185,1
T02186,1
T02187,3
T02188,2
T02189,3
T02190,6
T02191,4
T02192,8
T02193,0
T02194,2
T02195,4
T02196,9
T02197,7
T02198,1
T02199,6
T02200,7
T02201,4
T02202,0
T02203,0
T02204,9
T02205,4
T02206,5
T02207,2
T02208,7
T02209,0
T02210,4
T02211,0
T02212,0
T02213,1
T02214,0
T02215,0
T02216,5
T02217,5
T02218,7
T02219,9
T02220,2
T02221,7
T02222,5
T02223,2
T02224,6
T02225,0
T02226,6
T02227,0
T02228,9
T02229,0
T02230,8
T02231,3
T02232,4
T02233,2
T02234,2
T02235,4
T02236,0
T02237,9
T02238,6
T02239,2
T02240,7
T02241,4
T02242,9
T02243,5
T02244,7
T02245,6
T02246,9
T02247,0
T02248,7
T02249,2
T02250,8
T02251,5
T02252,6
T02253,7
T02254,0
T02255,6
T02256,8
T02257,6
T02258,3
T02259,1
T02260,9
T02261,1
T02262,4
T02263,3
T02264,1
T02265,5
T02266,6
T02267,5
T02268,0
T02269,8
T02270,8
T02271,2
T02272,8
T02273,5
T02274,5
T02275,1
T02276,1
T02277,3
T02278,7
T02279,5
T02280,6
T02281,1
T02282,2
T02283,4
T02284,5
T02285,3
T02286,3
T02287,0
T02288,5
T02289,5
T02290,2
T02291,8
T02292,4
T02293,2
T02294,9
T02295,6
T02296,3
T02297,0
T02298,0
T02299,1
T02300,5
T02301,3
T02302,6
T02303,5
T02304,3
T02305,3
T02306,6
T02307,7
T02308,6
T02309,6
T02310,6
T02311,7
T02312,1
T02313,2
T02314,1
T02315,1
T02316,8
T02317,3
T02318,3
T02319,6
T02320,5
T02321,0
T02322,1
T02323,4
T02324,0
T02325,4
T02326,9
T02327,8
T02328,6
T02329,5
T02330,7
T02331,0
T02332,8
T02333,8
T02334,2
T02335,6
T02336,3
T02337,9
T02338,6
T02339,3
T02340,1
T02341,5
T02342,1
T02343,1
T02344,4
T02345,8
T02346,8
T02347,7
T02348,1
T02349,3
T02350,5
T02351,0
T02352,6
T02353,5
T02354,9
T02355,9
T02356,8
T02357,5
T02358,6
T02359,9
T02360,1
T02361,0
T02362,7
T02363,9
T02364,7
T02365,0
T02366,6
T02367,5
T02368,4
T02369,4
T02370,6
T02371,3
T02372,9
T02373,6
T02374,6
T02375,2
T02376,6
T02377,8
T02378,2
T02379,0
T02380,3
T02381,1
T02382,1
T02383,7
T02384,8
T02385,4
T02386,8
T02387,0
T02388,7
T02389,0
T02390,3
T02391,2
T02392,3
T02393,6
T02394,4
T02395,7
T02396,4
T02397,9
T02398,4
T02399,4
T02400,5
T02401,6
T02402,9
T02403,2
T02404,3
T02405,8
T02406,7
T02407,7
T02408,7
T02409,4
T02410,0
T02411,7
T02412,9
T02413,1
T02414,3
T02415,3
T02416,4
T02417,1
T02418,5
T02419,4
T02420,4
T02421,0
T02422,8
T02423,0
T02424,5
T02425,2
T02426,3
T02427,0
T02428,5
T02429,8
T02430,5
T02431,2
T02432,8
T02433,6
T02434,3
T02435,0
T02436,9
T02437,6
T02438,1
T02439,3
T02440,7
T02441,9
T02442,8
T02443,1
T02444,2
T02445,9
T02446,0
T02447,7
T02448,5
T02449,0
T02450,8
T02451,8
T02452,7
T02453,2
T02454,7
T02455,4
T02456,1
T02457,4
T02458,6
T02459,3
T02460,3
T02461,7
T02462,8
T02463,3
T02464,6
T02465,9
T02466,8
T02467,6
T02468,1
T02469,3
T02470,2
T02471,5
T02472,4
T02473,0
T02474,2
T02475,4
T02476,8
T02477,1
T02478,2
T02479,3
T02480,8
T02481,0
T02482,7
T02483,6
T02484,2
T02485,9
T02486,6
T02487,1
T02488,7
T02489,4
T02490,5
T02491,1
T02492,6
T02493,6
T02494,0
T02495,6
T02496,1
T02497,7
T02498,8
T02499,2
T02500,3
T02501,5
T02502,7
T02503,9
T02504,5
T02505,3
T02506,6
T02507,8
T02508,8
T02509,0
T02510,8
T02511,0
T02512,4
T02513,2
T02514,5
T02515,8
T02516,2
T02517,0
T02518,5
T02519,5
T02520,0
T02521,0
T02522,3
T02523,8
T02524,2
T02525,1
T02526,8
T02527,4
T02528,4
T02529,2
T02530,3
T02531,8
T02532,2
T02533,7
T02534,0
T02535,1
T02536,9
T02537,8
T02538,5
T02539,2
T02540,7
T02541,2
T02542,2
T02543,4
T02544,1
T02545,8
T02546,7
T02547,5
T02548,4
T02549,0
T02550,2
T02551,5
T02552,4
T02553,0
T02554,6
T02555,8
T02556,8
T02557,2
T02558,1
T02559,1
T02560,0
T02561,5
T02562,3
T02563,4
T02564,7
T02565,9
T02566,7
T02567,7
T02568,1
T02569,5
T02570,2
T02571,0
T02572,7
T02573,7
T02574,3
T02575,0
T02576,2
T02577,5
T02578,8
T02579,8
T02580,9
T02581,5
T02582,3
T02583,9
T02584,5
T02585,6
T02586,0
T02587,5
T02588,6
T02589,2
T02590,5
T02591,9
T02592,5
T02593,2
T02594,6
T02595,1
T02596,2
T02597,9
T02598,8
T02599,0
T02600,2
T02601,4
T02602,9
T02603,4
T02604,7
T02605,3
T02606,4
T02607,2
T02608,8
T02609,3
T02610,2
T02611,6
T02612,7
T02613,1
T02614,2
T02615,3
T02616,5
T02617,5
T02618,9
T02619,2
T02620,8
T02621,0
T02622,9
T02623,8
T02624,6
T02625,0
T02626,2
T02627,5
T02628,9
T02629,5
T02630,4
T02631,4
T02632,4
T02633,7
T02634,7
T02635,1
T02636,7
T02637,0
T02638,1
T02639,2
T02640,2
T02641,1
T02642,3
T02643,8
T02644,4
T02645,6
T02646,7
T02647,5
T02648,4
T02649,4
T02650,4
T02651,8
T02652,3
T02653,9
T02654,4
T02655,3
T02656,7
T02657,9
T02658,3
T02659,5
T02660,1
T02661,5
T02662,5
T02663,3
T02664,2
T02665,6
T02666,1
T02667,5
T02668,3
T02669,3
T02670,8
T02671,3
T02672,6
T02673,2
T02674,6
T02675,5
T02676,2
T02677,6
T02678,9
T02679,6
T02680,7
T02681,9
T02682,2
T02683,5
T02684,5
T02685,0
T02686,3
T02687,2
T02688,5
T02689,9
T02690,5
T02691,4
T02692,3
T02693,2
T02694,5
T02695,0
T02696,7
T02697,9
T02698,7
T02699,9
T02700,6
T02701,6
T02702,3
T02703,9
T02704,5
T02705,4
T02706,1
T02707,3
T02708,5
T02709,3
T02710,1
T02711,9
T02712,9
T02713,2
T02714,1
T02715,1
T02716,2
T02717,2
T02718,2
T02719,6
T02720,0
T02721,0
T02722,8
T02723,2
T02724,7
T02725,5
T02726,4
T02727,7
T02728,8
T02729,0
T02730,7
T02731,2
T02732,8
T02733,0
T02734,9
T02735,7
T02736,1
T02737,2
T02738,5
T02739,0
T02740,2
T02741,5
T02742,5
T02743,0
T02744,0
T02745,4
T02746,7
T02747,5
T02748,9
T02749,5
T02750,6
T02751,1
T02752,3
T02753,3
T02754,9
T02755,5
T02756,4
T02757,8
T02758,9
T02759,5
T02760,1
T02761,0
T02762,8
T02763,3
T02764,8
T02765,0
T02766,1
T02767,2
T02768,3
T02769,9
T02770,9
T02771,5
T02772,4
T02773,3
T02774,5
T02775,5
T02776,7
T02777,9
T02778,2
T02779,6
T02780,8
T02781,6
T02782,2
T02783,4
T02784,1
T02785,4
T02786,2
T02787,9
T02788,2
T02789,7
T02790,5
T02791,8
T02792,2
T02793,6
T02794,0
T02795,1
T02796,0
T02797,6
T02798,6
T02799,6
T02800,3
T02801,0
T02802,5
T02803,5
T02804,2
T02805,1
T02806,1
T02807,5
T02808,4
T02809,4
T02810,6
T02811,5
T02812,0
T02813,1
T02814,1
T02815,5
T02816,6
T02817,6
T02818,5
T02819,3
T02820,7
T02821,5
T02822,2
T02823,4
T02824,3
T02825,7
T02826,3
T02827,7
T02828,9
T02829,7
T02830,8
T02831,4
T02832,8
T02833,8
T02834,0
T02835,9
T02836,4
T02837,2
T02838,6
T02839,4
T02840,8
T02841,4
T02842,0
T02843,5
T02844,7
T02845,9
T02846,3
T02847,3
T02848,9
T02849,4
T02850,9
T02851,9
T02852,1
T02853,2
T02854,5
T02855,5
T02856,5
T02857,2
T02858,0
T02859,5
T02860,1
T02861,8
T02862,0
T02863,4
T02864,4
T02865,0
T02866,5
T02867,7
T02868,7
T02869,1
T02870,3
T02871,9
T02872,0
T02873,9
T02874,3
T02875,0
T02876,8
T02877,1
T02878,6
T02879,3
T02880,2
T02881,3
T02882,7
T02883,4
T02884,9
T02885,0
T02886,4
T02887,8
T02888,0
T02889,4
T02890,1
T02891,7
T02892,3
T02893,7
T02894,9
T02895,4
T02896,5
T02897,4
T02898,9
T02899,7
T02900,5
T02901,2
T02902,8
T02903,5
T02904,8
T02905,2
T02906,0
T02907,9
T02908,7
T02909,5
T02910,0
T02911,1
T02912,4
T02913,3
T02914,2
T02915,6
T02916,2
T02917,4
T02918,6
T02919,2
T02920,7
T02921,9
T02922,6
T02923,3
T02924,7
T02925,4
T02926,6
T02927,7
T02928,3
T02929,7
T02930,3
T02931,0
T02932,2
T02933,4
T02934,4
T02935,1
T02936,1
T02937,5
T02938,1
T02939,6
T02940,0
T02941,7
T02942,8
T02943,1
T02944,0
T02945,5
T02946,3
T02947,7
T02948,3
T02949,5
T02950,6
T02951,8
T02952,9
T02953,8
T02954,9
T02955,8
T02956,6
T02957,3
T02958,8
T02959,6
T02960,1
T02961,8
T02962,7
T02963,5
T02964,1
T02965,4
T02966,4
T02967,0
T02968,8
T02969,3
T02970,0
T02971,4
T02972,1
T02973,5
T02974,5
T02975,8
T02976,7
T02977,5
T02978,3
T02979,8
T02980,3
T02981,4
T02982,2
T02983,4
T02984,9
T02985,0
T02986,8
T02987,5
T02988,2
T02989,4
T02990,8
T02991,1
T02992,7
T02993,3
T02994,8
T02995,5
T02996,3
T02997,1
T02998,1
T02999,4
T03000,3
T03001,1
T03002,5
T03003,2
T03004,2
T03005,7
T03006,1
T03007,7
T03008,2
T03009,7
T03010,6
T03011,0
T03012,8
T03013,0
T03014,6
T03015,2
T03016,0
T03017,0
T03018,6
T03019,6
T03020,9
T03021,9
T03022,7
T03023,1
T03024,2
T03025,2
T03026,0
T03027,8
T03028,5
T03029,6
T03030,2
T03031,6
T03032,2
T03033,5
T03034,4
T03035,7
T03036,3
T03037,1
T03038,2
T03039,9
T03040,5
T03041,0
T03042,0
T03043,3
T03044,8
T03045,1
T03046,7
T03047,9
T03048,6
T03049,9
T03050,5
T03051,7
T03052,9
T03053,8
T03054,7
T03055,2
T03056,9
T03057,2
T03058,7
T03059,2
T03060,8
T03061,6
T03062,4
T03063,5
T03064,6
T03065,9
T03066,5
T03067,2
T03068,8
T03069,6
T03070,1
T03071,1
T03072,6
T03073,5
T03074,4
T03075,5
T03076,2
T03077,2
T03078,3
T03079,6
T03080,5
T03081,7
T03082,3
T03083,0
T03084,1
T03085,7
T03086,3
T03087,6
T03088,6
T03089,6
T03090,6
T03091,5
T03092,2
T03093,0
T03094,9
T03095,3
T03096,4
T03097,3
T03098,5
T03099,2
T03100,5
T03101,4
T03102,3
T03103,9
T03104,3
T03105,1
T03106,0
T03107,2
T03108,5
T03109,7
T03110,1
T03111,4
T03112,2
T03113,6
T03114,2
T03115,2
T03116,8
T03117,1
T03118,6
T03119,2
T03120,4
T03121,0
T03122,8
T03123,3
T03124,4
T03125,1
T03126,3
T03127,1
T03128,9
T03129,6
T03130,8
T03131,8
T03132,9
T03133,1
T03134,7
T03135,0
T03136,7
T03137,3
T03138,8
T03139,8
T03140,4
T03141,7
T03142,5
T03143,5
T03144,8
T03145,8
T03146,0
T03147,5
T03148,4
T03149,1
T03150,3
T03151,9
T03152,1
T03153,7
T03154,9
T03155,2
T03156,8
T03157,8
T03158,7
T03159,8
T03160,7
T03161,7
T03162,3
T03163,7
T03164,1
T03165,3
T03166,3
T03167,3
T03168,9
T03169,9
T03170,2
T03171,5
T03172,0
T03173,2
T03174,3
T03175,9
T03176,8
T03177,4
T03178,8
T03179,6
T03180,2
T03181,4
T03182,5
T03183,6
T03184,7
T03185,0
T03186,5
T03187,7
T03188,8
T03189,2
T03190,5
T03191,0
T03192,7
T03193,4
T03194,7
T03195,3
T03196,1
T03197,1
T03198,3
T03199,0
T03200,0
T03201,4
T03202,2
T03203,8
T03204,6
T03205,6
T03206,2
T03207,3
T03208,1
T03209,2
T03210,8
T03211,8
T03212,2
T03213,4
T03214,1
T03215,3
T03216,0
T03217,2
T03218,0
T03219,9
T03220,0
T03221,8
T03222,1
T03223,8
T03224,1
T03225,8
T03226,1
T03227,6
T03228,2
T03229,3
T03230,7
T03231,4
T03232,9
T03233,2
T03234,1
T03235,0
T03236,4
T03237,7
T03238,4
T03239,3
T03240,3
T03241,3
T03242,5
T03243,5
T03244,1
T03245,7
T03246,0
T03247,9
T03248,8
T03249,5
T03250,8
T03251,9
T03252,4
T03253,7
T03254,4
T03255,8
T03256,7
T03257,9
T03258,7
T03259,9
T03260,4
T03261,7
T03262,3
T03263,0
T03264,5
T03265,4
T03266,3
T03267,0
T03268,5
T03269,2
T03270,9
T03271,1
T03272,1
T03273,9
T03274,6
T03275,7
T03276,6
T03277,2
T03278,6
T03279,4
T03280,7
T03281,4
T03282,5
T03283,6
T03284,5
T03285,8
T03286,1
T03287,1
T03288,7
T03289,4
T03290,0
T03291,4
T03292,7
T03293,2
T03294,1
T03295,5
T03296,9
T03297,0
T03298,0
T03299,1
T03300,1
T03301,7
T03302,5
T03303,3
T03304,9
T03305,0
T03306,6
T03307,3
T03308,4
T03309,7
T03310,3
T03311,7
T03312,5
T03313,8
T03314,3
T03315,7
T03316,3
T03317,2
T03318,4
T03319,1
T03320,3
T03321,0
T03322,3
T03323,7
T03324,3
T03325,1
T03326,9
T03327,2
T03328,3
T03329,5
T03330,0
T03331,2
T03332,3
T03333,3
T03334,0
T03335,1
T03336,7
T03337,4
T03338,6
T03339,7
T03340,7
T03341,4
T03342,3
T03343,9
T03344,8
T03345,2
T03346,9
T03347,5
T03348,5
T03349,8
T03350,6
T03351,0
T03352,6
T03353,9
T03354,3
T03355,8
T03356,1
T03357,6
T03358,7
T03359,3
T03360,5
T03361,6
T03362,6
T03363,7
T03364,0
T03365,1
T03366,7
T03367,1
T03368,3
T03369,6
T03370,8
T03371,6
T03372,8
T03373,1
T03374,5
T03375,3
T03376,9
T03377,3
T03378,1
T03379,1
T03380,2
T03381,6
T03382,8
T03383,0
T03384,4
T03385,8
T03386,7
T03387,0
T03388,8
T03389,2
T03390,3
T03391,3
T03392,0
T03393,6
T03394,4
T03395,9
T03396,6
T03397,0
T03398,7
T03399,5
T03400,8
T03401,5
T03402,1
T03403,4
T03404,7
T03405,4
T03406,0
T03407,5
T03408,4
T03409,2
T03410,0
T03411,7
T03412,5
T03413,5
T03414,0
T03415,7
T03416,0
T03417,6
T03418,4
T03419,2
T03420,4
T03421,4
T03422,8
T03423,5
T03424,5
T03425,0
T03426,9
T03427,0
T03428,6
T03429,7
T03430,6
T03431,1
T03432,3
T03433,3
T03434,7
T03435,5
T03436,2
T03437,2
T03438,3
T03439,3
T03440,0
T03441,7
T03442,1
T03443,8
T03444,3
T03445,9
T03446,1
T03447,2
T03448,4
T03449,1
T03450,2
T03451,8
T03452,4
T03453,3
T03454,7
T03455,3
T03456,8
T03457,9
T03458,7
T03459,6
T03460,4
T03461,9
T03462,8
T03463,8
T03464,5
T03465,6
T03466,2
T03467,9
T03468,7
T03469,1
T03470,5
T03471,3
T03472,9
T03473,8
T03474,9
T03475,5
T03476,2
T03477,2
T03478,0
T03479,4
T03480,1
T03481,0
T03482,1
T03483,3
T03484,1
T03485,1
T03486,8
T03487,4
T03488,2
T03489,9
T03490,2
T03491,3
T03492,4
T03493,4
T03494,7
T03495,4
T03496,6
T03497,8
T03498,7
T03499,0
T03500,1
T03501,3
T03502,6
T03503,2
T03504,5
T03505,8
T03506,5
T03507,8
T03508,5
T03509,4
T03510,7
T03511,9
T03512,8
T03513,3
T03514,7
T03515,8
T03516,4
T03517,2
T03518,7
T03519,8
T03520,2
T03521,8
T03522,2
T03523,6
T03524,5
T03525,1
T03526,8
T03527,4
T03528,6
T03529,5
T03530,8
T03531,3
T03532,2
T03533,0
T03534,4
T03535,8
T03536,4
T03537,1
T03538,3
T03539,6
T03540,5
T03541,6
T03542,0
T03543,7
T03544,4
T03545,5
T03546,6
T03547,8
T03548,6
T03549,4
T03550,8
T03551,2
T03552,6
T03553,2
T03554,5
T03555,5
T03556,5
T03557,2
T03558,4
T03559,1
T03560,1
T03561,2
T03562,6
T03563,6
T03564,2
T03565,5
T03566,2
T03567,6
T03568,9
T03569,6
T03570,5
T03571,4
T03572,1
T03573,9
T03574,6
T03575,0
T03576,3
T03577,6
T03578,9
T03579,9
T03580,4
T03581,3
T03582,5
T03583,7
T03584,1
T03585,5
T03586,8
T03587,2
T03588,2
T03589,8
T03590,4
T03591,4
T03592,4
T03593,4
T03594,9
T03595,3
T03596,6
T03597,7
T03598,0
T03599,5
T03600,3
T03601,8
T03602,5
T03603,2
T03604,1
T03605,4
T03606,4
T03607,6
T03608,0
T03609,7
T03610,3
T03611,9
T03612,3
T03613,2
T03614,5
T03615,6
T03616,4
T03617,6
T03618,5
T03619,5
T03620,9
T03621,4
T03622,9
T03623,4
T03624,9
T03625,6
T03626,9
T03627,2
T03628,6
T03629,4
T03630,9
T03631,7
T03632,1
T03633,5
T03634,2
T03635,8
T03636,9
T03637,7
T03638,3
T03639,1
T03640,6
T03641,0
T03642,9
T03643,0
T03644,4
T03645,8
T03646,6
T03647,8
T03648,8
T03649,0
T03650,6
T03651,6
T03652,6
T03653,5
T03654,4
T03655,5
T03656,2
T03657,3
T03658,2
T03659,1
T03660,5
T03661,1
T03662,9
T03663,4
T03664,3
T03665,4
T03666,3
T03667,2
T03668,2
T03669,9
T03670,4
T03671,9
T03672,9
T03673,2
T03674,4
T03675,5
T03676,3
T03677,7
T03678,6
T03679,8
T03680,1
T03681,5
T03682,0
T03683,6
T03684,2
T03685,9
T03686,0
T03687,4
T03688,6
T03689,8
T03690,4
T03691,7
T03692,4
T03693,5
T03694,0
T03695,0
T03696,2
T03697,4
T03698,7
T03699,7
T03700,5
T03701,5
T03702,0
T03703,7
T03704,1
T03705,7
T03706,9
T03707,2
T03708,8
T03709,1
T03710,1
T03711,9
T03712,1
T03713,0
T03714,4
T03715,4
T03716,6
T03717,4
T03718,1
T03719,3
T03720,0
T03721,8
T03722,8
T03723,4
T03724,3
T03725,6
T03726,2
T03727,2
T03728,2
T03729,3
T03730,8
T03731,8
T03732,9
T03733,8
T03734,8
T03735,6
T03736,2
T03737,7
T03738,3
T03739,7
T03740,7
T03741,4
T03742,1
T03743,8
T03744,1
T03745,7
T03746,6
T03747,5
T03748,1
T03749,6
T03750,6
T03751,1
T03752,8
T03753,9
T03754,4
T03755,3
T03756,4
T03757,3
T03758,1
T03759,1
T03760,3
T03761,2
T03762,7
T03763,1
T03764,1
T03765,9
T03766,3
T03767,9
T03768,5
T03769,4
T03770,2
T03771,2
T03772,0
T03773,0
T03774,9
T03775,9
T03776,1
T03777,1
T03778,8
T03779,5
T03780,4
T03781,7
T03782,8
T03783,9
T03784,5
T03785,8
T03786,6
T03787,6
T03788,0
T03789,8
T03790,2
T03791,9
T03792,2
T03793,8
T03794,3
T03795,7
T03796,2
T03797,6
T03798,9
T03799,2
T03800,7
T03801,9
T03802,9
T03803,7
T03804,6
T03805,2
T03806,0
T03807,3
T03808,0
T03809,0
T03810,3
T03811,1
T03812,4
T03813,1
T03814,7
T03815,1
T03816,8
T03817,8
T03818,4
T03819,7
T03820,5
T03821,1
T03822,5
T03823,5
T03824,2
T03825,4
T03826,6
T03827,0
T03828,2
T03829,4
T03830,5
T03831,0
T03832,6
T03833,2
T03834,0
T03835,8
T03836,2
T03837,3
T03838,9
T03839,8
T03840,3
T03841,2
T03842,5
T03843,2
T03844,6
T03845,5
T03846,3
T03847,2
T03848,8
T03849,1
T03850,5
T03851,6
T03852,9
T03853,5
T03854,9
T03855,5
T03856,9
T03857,2
T03858,8
T03859,4
T03860,2
T03861,8
T03862,4
T03863,5
T03864,2
T03865,2
T03866,4
T03867,9
T03868,6
T03869,1
T03870,7
T03871,6
T03872,9
T03873,8
T03874,3
T03875,9
T03876,5
T03877,1
T03878,0
T03879,7
T03880,5
T03881,6
T03882,5
T03883,5
T03884,3
T03885,0
T03886,2
T03887,7
T03888,5
T03889,2
T03890,1
T03891,6
T03892,3
T03893,5
T03894,8
T03895,9
T03896,1
T03897,1
T03898,5
T03899,1
T03900,8
T03901,9
T03902,3
T03903,1
T03904,0
T03905,6
T03906,8
T03907,0
T03908,9
T03909,2
T03910,4
T03911,4
T03912,5
T03913,9
T03914,4
T03915,7
T03916,2
T03917,9
T03918,7
T03919,0
T03920,3
T03921,2
T03922,3
T03923,9
T03924,9
T03925,7
T03926,8
T03927,9
T03928,3
T03929,9
T03930,5
T03931,8
T03932,9
T03933,3
T03934,6
T03935,0
T03936,4
T03937,2
T03938,0
T03939,7
T03940,9
T03941,5
T03942,1
T03943,1
T03944,6
T03945,4
T03946,7
T03947,4
T03948,8
T03949,8
T03950,7
T03951,6
T03952,0
T03953,5
T03954,0
T03955,5
T03956,6
T03957,6
T03958,5
T03959,1
T03960,0
T03961,8
T03962,1
T03963,5
T03964,5
T03965,8
T03966,9
T03967,9
T03968,4
T03969,2
T03970,5
T03971,0
T03972,5
T03973,8
T03974,2
T03975,3
T03976,2
T03977,2
T03978,1
T03979,3
T03980,3
T03981,4
T03982,6
T03983,1
T03984,7
T03985,1
T03986,4
T03987,5
T03988,9
T03989,5
T03990,3
T03991,7
T03992,8
T03993,9
T03994,2
T03995,2
T03996,0
T03997,4
T03998,8
T03999,1
T04000,5
T04001,7
T04002,7
T04003,6
T04004,8
T04005,1
T04006,0
T04007,6
T04008,7
T04009,4
T04010,3
T04011,5
T04012,9
T04013,4
T04014,3
T04015,8
T04016,5
T04017,7
T04018,9
T04019,0
T04020,3
T04021,7
T04022,5
T04023,0
T04024,7
T04025,3
T04026,7
T04027,5
T04028,9
T04029,0
T04030,7
T04031,4
T04032,7
T04033,4
T04034,6
T04035,6
T04036,7
T04037,5
T04038,8
T04039,9
T04040,9
T04041,3
T04042,6
T04043,4
T04044,6
T04045,9
T04046,3
T04047,9
T04048,4
T04049,9
T04050,7
T04051,0
T04052,0
T04053,7
T04054,6
T04055,8
T04056,5
T04057,1
T04058,3
T04059,2
T04060,8
T04061,3
T04062,6
T04063,6
T04064,1
T04065,7
T04066,6
T04067,5
T04068,2
T04069,7
T04070,8
T04071,7
T04072,4
T04073,2
T04074,5
T04075,3
T04076,4
T04077,5
T04078,8
T04079,8
T04080,8
T04081,5
T04082,3
T04083,3
T04084,6
T04085,8
T04086,2
T04087,2
T04088,6
T04089,1
T04090,8
T04091,2
T04092,1
T04093,0
T04094,4
T04095,8
T04096,0
T04097,1
T04098,2
T04099,5
T04100,9
T04101,9
T04102,7
T04103,4
T04104,8
T04105,8
T04106,9
T04107,3
T04108,6
T04109,2
T04110,8
T04111,5
T04112,6
T04113,2
T04114,7
T04115,1
T04116,1
T04117,3
T04118,0
T04119,8
T04120,8
T04121,1
T04122,5
T04123,9
T04124,4
T04125,7
T04126,9
T04127,5
T04128,2
T04129,1
T04130,4
T04131,8
T04132,8
T04133,2
T04134,5
T04135,6
T04136,9
T04137,4
T04138,8
T04139,5
T04140,1
T04141,9
T04142,7
T04143,6
T04144,2
T04145,8
T04146,3
T04147,3
T04148,5
T04149,6
T04150,7
T04151,6
T04152,4
T04153,1
T04154,5
T04155,2
T04156,4
T04157,1
T04158,9
T04159,7
T04160,5
T04161,1
T04162,7
T04163,1
T04164,8
T04165,2
T04166,2
T04167,4
T04168,7
T04169,2
T04170,9
T04171,2
T04172,1
T04173,8
T04174,2
T04175,5
T04176,9
T04177,6
T04178,7
T04179,6
T04180,5
T04181,3
T04182,3
T04183,6
T04184,9
T04185,5
T04186,2
T04187,0
T04188,1
T04189,6
T04190,6
T04191,9
T04192,8
T04193,9
T04194,7
T04195,3
T04196,6
T04197,0
T04198,6
T04199,3
T04200,5
T04201,5
T04202,5
T04203,1
T04204,0
T04205,8
T04206,0
T04207,6
T04208,1
T04209,2
T04210,6
T04211,1
T04212,7
T04213,3
T04214,3
T04215,3
T04216,1
T04217,6
T04218,2
T04219,7
T04220,0
T04221,7
T04222,9
T04223,0
T04224,1
T04225,9
T04226,4
T04227,7
T04228,8
T04229,6
T04230,3
T04231,6
T04232,4
T04233,0
T04234,2
T04235,4
T04236,0
T04237,6
T04238,3
T04239,3
T04240,6
T04241,3
T04242,5
T04243,6
T04244,8
T04245,9
T04246,9
T04247,4
T04248,2
T04249,7
T04250,9
T04251,1
T04252,7
T04253,1
T04254,8
T04255,6
T04256,3
T04257,6
T04258,4
T04259,8
T04260,0
T04261,9
T04262,6
T04263,9
T04264,8
T04265,6
T04266,2
T04267,8
T04268,4
T04269,8
T04270,3
T04271,2
T04272,4
T04273,6
T04274,9
T04275,2
T04276,8
T04277,8
T04278,6
T04279,9
T04280,3
T04281,4
T04282,6
T04283,7
T04284,8
T04285,5
T04286,4
T04287,0
T04288,5
T04289,9
T04290,0
T04291,3
T04292,7
T04293,1
T04294,1
T04295,7
T04296,1
T04297,0
T04298,2
T04299,2
T04300,6
T04301,9
T04302,1
T04303,1
T04304,8
T04305,8
T04306,7
T04307,6
T04308,7
T04309,2
T04310,6
T04311,9
T04312,7
T04313,3
T04314,8
T04315,3
T04316,4
T04317,0
T04318,0
T04319,3
T04320,9
T04321,7
T04322,3
T04323,0
T04324,6
T04325,0
T04326,5
T04327,0
T04328,1
T04329,6
T04330,6
T04331,2
T04332,8
T04333,5
T04334,7
T04335,1
T04336,0
T04337,3
T04338,1
T04339,1
T04340,3
T04341,0
T04342,8
T04343,0
T04344,9
T04345,9
T04346,1
T04347,9
T04348,2
T04349,7
T04350,7
T04351,9
T04352,9
T04353,4
T04354,4
T04355,7
T04356,5
T04357,8
T04358,3
T04359,8
T04360,1
T04361,1
T04362,3
T04363,4
T04364,2
T04365,0
T04366,4
T04367,0
T04368,7
T04369,7
T04370,3
T04371,3
T04372,7
T04373,3
T04374,8
T04375,4
T04376,2
T04377,4
T04378,2
T04379,2
T04380,7
T04381,6
T04382,5
T04383,7
T04384,7
T04385,7
T04386,6
T04387,2
T04388,6
T04389,1
T04390,6
T04391,3
T04392,5
T04393,6
T04394,6
T04395,3
T04396,2
T04397,0
T04398,8
T04399,5
T04400,8
T04401,4
T04402,5
T04403,3
T04404,8
T04405,5
T04406,0
T04407,0
T04408,9
T04409,5
T04410,2
T04411,8
T04412,5
T04413,8
T04414,4
T04415,8
T04416,6
T04417,5
T04418,6
T04419,6
T04420,2
T04421,7
T04422,6
T04423,1
T04424,4
T04425,0
T04426,6
T04427,4
T04428,3
T04429,5
T04430,9
T04431,8
T04432,3
T04433,8
T04434,5
T04435,8
T04436,7
T04437,4
T04438,5
T04439,8
T04440,2
T04441,1
T04442,6
T04443,9
T04444,5
T04445,8
T04446,0
T04447,1
T04448,0
T04449,3
T04450,1
T04451,8
T04452,4
T04453,6
T04454,2
T04455,5
T04456,8
T04457,2
T04458,1
T04459,4
T04460,6
T04461,2
T04462,8
T04463,4
T04464,0
T04465,8
T04466,7
T04467,9
T04468,7
T04469,7
T04470,1
T04471,8
T04472,8
T04473,1
T04474,0
T04475,6
T04476,7
T04477,7
T04478,1
T04479,4
T04480,8
T04481,9
T04482,6
T04483,4
T04484,7
T04485,1
T04486,1
T04487,3
T04488,6
T04489,1
T04490,6
T04491,1
T04492,9
T04493,6
T04494,9
T04495,8
T04496,9
T04497,6
T04498,5
T04499,4
T04500,5
T04501,8
T04502,5
T04503,4
T04504,3
T04505,1
T04506,9
T04507,4
T04508,2
T04509,5
T04510,7
T04511,0
T04512,5
T04513,5
T04514,7
T04515,1
T04516,3
T04517,0
T04518,4
T04519,4
T04520,4
T04521,8
T04522,3
T04523,9
T04524,5
T04525,1
T04526,3
T04527,7
T04528,8
T04529,5
T04530,6
T04531,7
T04532,2
T04533,0
T04534,9
T04535,0
T04536,9
T04537,1
T04538,1
T04539,6
T04540,0
T04541,5
T04542,9
T04543,3
T04544,0
T04545,9
T04546,2
T04547,1
T04548,0
T04549,1
T04550,2
T04551,9
T04552,0
T04553,1
T04554,2
T04555,0
T04556,8
T04557,8
T04558,3
T04559,8
T04560,4
T04561,0
T04562,1
T04563,9
T04564,2
T04565,6
T04566,9
T04567,0
T04568,6
T04569,3
T04570,5
T04571,9
T04572,8
T04573,8
T04574,0
T04575,3
T04576,1
T04577,7
T04578,6
T04579,3
T04580,0
T04581,3
T04582,6
T04583,7
T04584,2
T04585,5
T04586,9
T04587,4
T04588,1
T04589,1
T04590,7
T04591,9
T04592,4
T04593,7
T04594,1
T04595,5
T04596,8
T04597,8
T04598,2
T04599,3
T04600,8
T04601,2
T04602,9
T04603,6
T04604,2
T04605,7
T04606,3
T04607,4
T04608,4
T04609,6
T04610,1
T04611,7
T04612,9
T04613,8
T04614,2
T04615,5
T04616,9
T04617,5
T04618,6
T04619,8
T04620,9
T04621,5
T04622,4
T04623,6
T04624,8
T04625,9
T04626,1
T04627,3
T04628,9
T04629,6
T04630,2
T04631,3
T04632,2
T04633,2
T04634,7
T04635,5
T04636,4
T04637,7
T04638,8
T04639,3
T04640,9
T04641,3
T04642,2
T04643,7
T04644,8
T04645,7
T04646,4
T04647,3
T04648,0
T04649,1
T04650,7
T04651,7
T04652,2
T04653,3
T04654,6
T04655,8
T04656,4
T04657,0
T04658,1
T04659,6
T04660,6
T04661,6
T04662,5
T04663,4
T04664,1
T04665,0
T04666,4
T04667,8
T04668,7
T04669,2
T04670,1
T04671,5
T04672,4
T04673,0
T04674,6
T04675,5
T04676,5
T04677,2
T04678,6
T04679,7
T04680,2
T04681,7
T04682,6
T04683,8
T04684,5
T04685,0
T04686,7
T04687,1
T04688,4
T04689,6
T04690,3
T04691,5
T04692,8
T04693,3
T04694,8
T04695,2
T04696,5
T04697,9
T04698,9
T04699,5
T04700,7
T04701,3
T04702,7
T04703,7
T04704,9
T04705,8
T04706,0
T04707,9
T04708,9
T04709,0
T04710,5
T04711,0
T04712,6
T04713,1
T04714,4
T04715,6
T04716,0
T04717,2
T04718,3
T04719,5
T04720,3
T04721,5
T04722,6
T04723,2
T04724,7
T04725,3
T04726,8
T04727,3
T04728,5
T04729,0
T04730,7
T04731,7
T04732,0
T04733,8
T04734,0
T04735,9
T04736,7
T04737,2
T04738,6
T04739,3
T04740,7
T04741,8
T04742,2
T04743,6
T04744,3
T04745,5
T04746,6
T04747,3
T04748,1
T04749,8
T04750,5
T04751,8
T04752,9
T04753,2
T04754,2
T04755,4
T04756,9
T04757,4
T04758,4
T04759,4
T04760,1
T04761,7
T04762,9
T04763,7
T04764,9
T04765,8
T04766,4
T04767,1
T04768,7
T04769,1
T04770,7
T04771,3
T04772,2
T04773,9
T04774,3
T04775,4
T04776,7
T04777,6
T04778,5
T04779,6
T04780,9
T04781,2
T04782,3
T04783,2
T04784,8
T04785,7
T04786,2
T04787,8
T04788,4
T04789,8
T04790,0
T04791,2
T04792,0
T04793,2
T04794,3
T04795,2
T04796,8
T04797,5
T04798,2
T04799,7
T04800,4
T04801,8
T04802,1
T04803,0
T04804,5
T04805,8
T04806,6
T04807,8
T04808,5
T04809,9
T04810,3
T04811,5
T04812,0
T04813,5
T04814,0
T04815,3
T04816,9
T04817,7
T04818,4
T04819,7
T04820,6
T04821,1
T04822,6
T04823,1
T04824,1
T04825,5
T04826,2
T04827,8
T04828,2
T04829,4
T04830,0
T04831,0
T04832,3
T04833,8
T04834,8
T04835,5
T04836,5
T04837,2
T04838,4
T04839,3
T04840,6
T04841,9
T04842,5
T04843,5
T04844,3
T04845,3
T04846,3
T04847,6
T04848,6
T04849,0
T04850,4
T04851,4
T04852,0
T04853,6
T04854,5
T04855,2
T04856,3
T04857,6
T04858,5
T04859,5
T04860,6
T04861,2
T04862,0
T04863,0
T04864,8
T04865,1
T04866,6
T04867,1
T04868,2
T04869,8
T04870,2
T04871,4
T04872,6
T04873,8
T04874,3
T04875,0
T04876,8
T04877,2
T04878,7
T04879,2
T04880,0
T04881,3
T04882,3
T04883,2
T04884,4
T04885,9
T04886,1
T04887,3
T04888,3
T04889,4
T04890,3
T04891,3
T04892,3
T04893,4
T04894,0
T04895,7
T04896,1
T04897,0
T04898,2
T04899,6
T04900,1
T04901,2
T04902,4
T04903,8
T04904,1
T04905,3
T04906,8
T04907,4
T04908,5
T04909,4
T04910,5
T04911,6
T04912,1
T04913,5
T04914,7
T04915,4
T04916,5
T04917,3
T04918,7
T04919,5
T04920,5
T04921,3
T04922,9
T04923,0
T04924,4
T04925,3
T04926,4
T04927,0
T04928,0
T04929,6
T04930,2
T04931,2
T04932,9
T04933,2
T04934,1
T04935,8
T04936,4
T04937,3
T04938,5
T04939,0
T04940,6
T04941,7
T04942,3
T04943,6
T04944,6
T04945,8
T04946,6
T04947,1
T04948,4
T04949,3
T04950,3
T04951,0
T04952,9
T04953,1
T04954,3
T04955,2
T04956,3
T04957,6
T04958,7
T04959,7
T04960,7
T04961,2
T04962,2
T04963,1
T04964,7
T04965,3
T04966,3
T04967,5
T04968,9
T04969,8
T04970,8
T04971,2
T04972,5
T04973,6
T04974,8
T04975,0
T04976,8
T04977,7
T04978,1
T04979,3
T04980,3
T04981,6
T04982,6
T04983,1
T04984,5
T04985,4
T04986,1
T04987,5
T04988,8
T04989,0
T04990,9
T04991,9
T04992,5
T04993,8
T04994,8
T04995,5
T04996,8
T04997,9
T04998,2
T04999,9
T05000,7
