Train ID,Actual Time,Delay (min)
T00001,20:54,47.5
T00002,09:14,59.15
T00003,23:44,38.19
T00004,17:30,25.75
T00005,01:23,22.22
T00006,07:55,23.85
T00007,18:25,73.3
T00008,23:04,30.73
T00009,15:02,25.19
T00010,01:05,17.82
T00011,13:37,16.56
T00012,06:57,9.25
T00013,03:23,59.62
T00014,12:51,73.41
T00015,02:40,54.28
T00016,05:05,66.04
T00017,19:09,111.34
T00018,11:39,3.75
T00019,03:27,85.95
T00020,09:05,0.0
T00021,03:48,24.05
T00022,21:19,26.65
T00023,11:22,0.0
T00024,10:07,83.78
T00025,03:20,42.34
T00026,18:38,52.66
T00027,14:52,28.87
T00028,23:18,43.9
T00029,11:33,40.36
T00030,02:24,33.85
T00031,09:13,69.44
T00032,22:46,26.26
T00033,16:21,56.15
T00034,04:59,43.65
T00035,00:39,64.75
T00036,23:42,5.83
T00037,12:52,29.22
T00038,17:24,53.97
T00039,01:57,2.35
T00040,21:10,60.2
T00041,20:28,84.06
T00042,20:01,32.56
T00043,19:09,74.35
T00044,23:30,23.2
T00045,10:14,85.04
T00046,03:52,34.57
T00047,14:47,47.65
T00048,09:23,51.44
T00049,05:27,92.1
T00050,21:02,30.49
T00051,05:42,79.28
T00052,17:49,51.61
T00053,10:52,21.12
T00054,13:01,65.24
T00055,02:11,56.99
T00056,03:28,42.0
T00057,03:38,50.34
T00058,04:59,51.14
T00059,18:04,54.37
T00060,19:37,10.47
T00061,00:33,49.51
T00062,10:27,62.6
T00063,12:30,62.78
T00064,04:28,73.08
T00065,10:45,44.82
T00066,08:33,56.9
T00067,03:35,50.02
T00068,07:42,38.95
T00069,11:00,56.75
T00070,09:24,42.53
T00071,18:36,88.44
T00072,18:38,8.24
T00073,16:53,62.36
T00074,04:08,62.61
T00075,12:46,79.4
T00076,00:09,66.33
T00077,20:51,45.44
T00078,23:21,0.0
T00079,07:05,53.57
T00080,05:29,62.99
T00081,15:22,67.28
T00082,17:12,6.07
T00083,18:21,28.26
T00084,07:24,14.18
T00085,16:11,58.59
T00086,05:40,16.02
T00087,09:15,16.2
T00088,14:44,60.14
T00089,18:30,48.7
T00090,05:10,58.53
T00091,02:19,42.58
T00092,02:27,40.41
T00093,02:32,55.12
T00094,16:45,35.56
T00095,03:19,25.92
T00096,20:36,92.61
T00097,08:04,39.93
T00098,09:03,86.65
T00099,19:31,26.51
T00100,19:44,68.8
T00101,09:21,68.77
T00102,11:36,81.11
T00103,05:28,46.27
T00104,15:25,65.49
T00105,15:39,60.79
T00106,03:06,32.86
T00107,08:38,30.83
T00108,07:44,21.41
T00109,15:20,27.23
T00110,10:42,63.55
T00111,01:16,34.72
T00112,21:38,32.48
T00113,05:32,96.97
T00114,18:14,65.84
T00115,19:40,27.3
T00116,07:08,25.67
T00117,09:30,58.63
T00118,02:03,58.38
T00119,08:06,4.5
T00120,05:51,71.01
T00121,00:59,91.42
T00122,14:00,25.7
T00123,03:57,61.7
T00124,18:09,67.21
T00125,17:53,44.55
T00126,02:25,66.06
T00127,02:21,24.93
T00128,21:29,14.48
T00129,12:30,41.1
T00130,15:03,84.71
T00131,08:33,38.98
T00132,06:30,34.71
T00133,06:42,55.52
T00134,14:03,12.79
T00135,23:59,8.82
T00136,06:37,47.06
T00137,13:29,34.22
T00138,16:18,64.49
T00139,14:22,0.0
T00140,07:50,36.92
T00141,06:33,8.89
T00142,04:14,85.52
T00143,21:54,82.75
T00144,18:26,65.89
T00145,08:35,24.3
T00146,02:00,54.65
T00147,12:48,62.47
T00148,19:32,0.0
T00149,18:33,21.08
T00150,22:27,0.0
T00151,18:42,59.7
T00152,00:09,27.52
T00153,14:13,69.12
T00154,19:49,29.67
T00155,04:05,19.47
T00156,10:49,67.77
T00157,13:21,37.5
T00158,04:23,11.81
T00159,13:47,64.8
T00160,19:52,16.65
T00161,18:23,30.86
T00162,10:15,62.06
T00163,20:12,94.55
T00164,16:14,106.29
T00165,07:11,39.81
T00166,00:10,60.16
T00167,10:20,48.66
T00168,19:58,37.91
T00169,08:27,44.32
T00170,06:09,0.0
T00171,08:17,47.76
T00172,03:16,47.45
T00173,18:42,30.96
T00174,12:41,10.32
T00175,05:30,49.34
T00176,04:16,27.74
T00177,07:13,82.72
T00178,14:45,42.99
T00179,04:40,71.01
T00180,15:19,37.77
T00181,19:54,34.54
T00182,00:48,51.22
T00183,17:28,0.0
T00184,16:01,33.43
T00185,08:49,56.11
T00186,17:50,79.44
T00187,08:49,21.95
T00188,09:57,42.41
T00189,12:29,92.53
T00190,04:37,28.07
T00191,23:06,57.54
T00192,02:49,23.94
T00193,18:27,58.04
T00194,07:45,52.25
T00195,18:44,0.0
T00196,19:22,58.22
T00197,11:52,33.53
T00198,14:04,30.33
T00199,18:41,50.81
T00200,15:36,22.18
T00201,16:21,80.74
T00202,23:00,77.06
T00203,06:34,41.72
T00204,19:48,14.04
T00205,20:18,102.77
T00206,03:02,21.48
T00207,14:11,0.29
T00208,12:39,19.75
T00209,11:50,89.99
T00210,14:26,70.25
T00211,02:10,83.51
T00212,12:57,103.77
T00213,20:43,41.8
T00214,07:11,18.24
T00215,04:35,20.38
T00216,22:16,69.2
T00217,15:11,27.74
T00218,12:11,61.68
T00219,23:51,6.12
T00220,05:20,1.37
T00221,01:27,28.24
T00222,23:02,64.09
T00223,22:20,8.74
T00224,00:33,100.13
T00225,04:49,65.51
T00226,21:38,0.0
T00227,19:21,31.95
T00228,18:57,90.78
T00229,03:27,55.33
T00230,02:18,84.19
T00231,15:16,10.56
T00232,21:36,39.03
T00233,04:43,16.77
T00234,17:11,30.49
T00235,18:13,24.84
T00236,14:19,27.67
T00237,08:53,33.02
T00238,02:52,35.02
T00239,15:18,42.21
T00240,12:56,35.35
T00241,10:24,13.09
T00242,11:56,5.47
T00243,09:48,52.59
T00244,08:54,19.26
T00245,06:41,36.59
T00246,14:32,61.81
T00247,08:01,17.71
T00248,00:08,97.63
T00249,01:03,58.49
T00250,12:59,15.38
T00251,22:52,75.47
T00252,18:32,59.5
T00253,00:15,40.43
T00254,22:52,23.42
T00255,08:25,11.34
T00256,06:41,21.14
T00257,18:42,54.14
T00258,07:27,74.98
T00259,09:50,64.69
T00260,17:15,37.28
T00261,07:18,60.34
T00262,05:19,0.3
T00263,17:58,50.0
T00264,01:44,9.7
T00265,05:15,35.85
T00266,01:02,26.81
T00267,16:37,69.47
T00268,02:19,63.89
T00269,02:39,14.29
T00270,19:29,49.1
T00271,05:17,68.94
T00272,02:28,13.38
T00273,15:24,106.74
T00274,20:06,52.6
T00275,15:49,51.12
T00276,18:43,16.2
T00277,19:52,49.28
T00278,04:08,20.08
T00279,06:45,29.69
T00280,05:54,39.78
T00281,02:24,14.49
T00282,15:29,45.78
T00283,09:02,0.33
T00284,23:30,72.75
T00285,15:30,86.07
T00286,09:31,41.79
T00287,22:10,19.16
T00288,03:44,10.92
T00289,05:30,32.95
T00290,04:07,3.83
T00291,10:46,68.42
T00292,19:52,54.99
T00293,05:05,96.93
T00294,23:09,44.28
T00295,18:23,52.8
T00296,20:02,60.58
T00297,10:57,19.89
T00298,03:13,59.83
T00299,18:42,5.35
T00300,22:48,56.61
T00301,02:08,20.07
T00302,18:04,83.16
T00303,06:05,28.06
T00304,15:33,28.34
T00305,13:46,25.76
T00306,04:01,7.6
T00307,14:35,51.62
T00308,21:57,32.76
T00309,14:37,32.97
T00310,11:35,88.9
T00311,17:07,15.94
T00312,18:22,53.22
T00313,07:00,27.84
T00314,16:52,72.19
T00315,02:03,50.24
T00316,06:08,69.93
T00317,22:40,9.58
T00318,20:47,9.06
T00319,06:29,70.21
T00320,18:08,42.82
T00321,03:50,21.87
T00322,05:26,55.74
T00323,17:10,25.94
T00324,15:42,12.97
T00325,18:22,73.55
T00326,21:02,90.02
T00327,03:40,83.14
T00328,16:19,2.97
T00329,23:41,22.76
T00330,22:49,78.84
T00331,18:58,88.08
T00332,18:11,23.95
T00333,15:46,47.77
T00334,07:07,23.36
T00335,12:39,25.17
T00336,11:50,63.71
T00337,14:04,100.98
T00338,21:17,68.24
T00339,05:00,28.54
T00340,04:26,31.95
T00341,18:20,82.83
T00342,23:42,33.22
T00343,20:24,15.73
T00344,09:40,79.88
T00345,12:59,18.34
T00346,11:29,35.72
T00347,18:24,60.63
T00348,23:22,26.32
T00349,17:19,17.38
T00350,08:31,51.64
T00351,08:45,58.08
T00352,04:28,40.51
T00353,03:49,21.08
T00354,10:22,25.78
T00355,11:11,21.95
T00356,11:28,5.79
T00357,08:33,60.14
T00358,22:07,17.8
T00359,05:52,47.28
T00360,13:12,33.79
T00361,16:44,46.09
T00362,08:31,62.65
T00363,15:19,63.4
T00364,15:04,7.54
T00365,18:07,57.28
T00366,11:57,20.99
T00367,14:07,23.37
T00368,09:22,10.78
T00369,15:55,49.74
T00370,19:00,38.48
T00371,23:07,49.35
T00372,21:49,24.3
T00373,19:45,50.94
T00374,00:26,83.16
T00375,16:09,16.12
T00376,08:06,28.69
T00377,20:52,40.8
T00378,23:50,122.31
T00379,22:29,46.36
T00380,04:57,60.1
T00381,02:31,72.88
T00382,19:00,37.2
T00383,03:05,7.12
T00384,23:52,26.93
T00385,05:54,64.59
T00386,17:06,34.07
T00387,06:03,47.59
T00388,10:26,39.18
T00389,03:39,10.54
T00390,08:48,53.75
T00391,22:55,90.28
T00392,03:19,29.25
T00393,08:57,23.5
T00394,12:21,38.39
T00395,09:17,40.85
T00396,20:40,17.98
T00397,07:30,0.0
T00398,17:37,17.79
T00399,20:25,21.32
T00400,15:47,49.23
T00401,20:36,10.58
T00402,01:40,38.66
T00403,03:40,34.61
T00404,05:22,58.27
T00405,22:58,71.08
T00406,14:58,81.08
T00407,05:39,43.55
T00408,04:48,55.46
T00409,13:57,40.45
T00410,12:42,89.86
T00411,08:43,49.94
T00412,21:34,11.6
T00413,11:43,40.12
T00414,06:41,34.26
T00415,21:45,32.59
T00416,20:13,72.32
T00417,10:33,18.25
T00418,18:18,5.55
T00419,18:31,78.27
T00420,07:43,22.28
T00421,19:55,55.22
T00422,04:46,38.33
T00423,06:00,53.8
T00424,00:21,13.84
T00425,08:20,43.92
T00426,06:27,71.91
T00427,00:12,46.72
T00428,23:36,32.55
T00429,12:11,39.27
T00430,15:07,35.36
T00431,02:59,73.22
T00432,10:04,35.84
T00433,01:54,24.62
T00434,21:32,26.4
T00435,14:04,0.0
T00436,20:09,60.39
T00437,09:27,48.73
T00438,18:26,41.36
T00439,20:40,67.14
T00440,17:13,35.9
T00441,22:20,13.38
T00442,18:14,28.09
T00443,15:07,11.38
T00444,12:16,84.2
T00445,14:42,56.29
T00446,13:51,31.74
T00447,11:54,45.12
T00448,02:59,54.5
T00449,13:47,41.4
T00450,12:07,16.84
T00451,02:16,39.39
T00452,10:44,2.63
T00453,12:56,61.92
T00454,15:05,70.85
T00455,09:51,13.99
T00456,04:39,63.68
T00457,05:45,63.9
T00458,04:00,38.21
T00459,03:53,5.63
T00460,08:35,44.83
T00461,18:50,61.84
T00462,22:40,59.56
T00463,21:07,68.3
T00464,23:00,43.66
T00465,08:44,0.0
T00466,11:43,43.97
T00467,05:09,33.6
T00468,03:03,54.1
T00469,00:42,37.14
T00470,06:58,34.11
T00471,10:57,47.11
T00472,00:16,56.22
T00473,03:31,35.77
T00474,06:25,37.35
T00475,21:22,17.09
T00476,23:08,101.53
T00477,15:36,70.95
T00478,16:37,30.37
T00479,04:11,53.4
T00480,19:31,60.65
T00481,10:21,79.02
T00482,19:56,53.83
T00483,09:35,22.72
T00484,09:36,78.41
T00485,01:38,67.16
T00486,06:07,59.26
T00487,22:50,36.4
T00488,22:20,29.79
T00489,14:31,96.86
T00490,14:23,82.48
T00491,11:43,67.21
T00492,13:47,62.97
T00493,09:54,47.27
T00494,10:39,29.02
T00495,23:28,30.71
T00496,13:54,0.0
T00497,14:21,44.41
T00498,03:08,43.4
T00499,10:40,26.7
T00500,05:15,11.76
T00501,04:15,42.48
T00502,11:57,35.14
T00503,21:22,30.15
T00504,03:46,37.24
T00505,05:46,8.85
T00506,20:11,7.77
T00507,20:55,24.9
T00508,19:18,30.97
T00509,23:03,64.69
T00510,21:05,26.26
T00511,21:19,59.59
T00512,02:56,26.12
T00513,09:59,9.22
T00514,01:54,32.69
T00515,09:58,29.06
T00516,01:51,28.7
T00517,22:02,67.31
T00518,19:50,18.83
T00519,19:17,42.1
T00520,16:08,70.04
T00521,07:01,41.42
T00522,16:18,9.96
T00523,04:49,58.77
T00524,03:27,55.53
T00525,02:08,53.61
T00526,15:34,61.08
T00527,05:35,12.9
T00528,13:06,40.26
T00529,20:33,90.98
T00530,11:19,75.21
T00531,18:35,52.27
T00532,09:43,57.33
T00533,04:50,29.86
T00534,21:29,20.55
T00535,21:26,42.04
T00536,05:25,47.51
T00537,10:05,30.93
T00538,11:24,32.09
T00539,23:34,41.12
T00540,16:48,43.27
T00541,13:56,24.48
T00542,11:19,0.0
T00543,11:08,19.65
T00544,07:57,49.1
T00545,10:33,39.66
T00546,18:46,53.82
T00547,02:24,42.69
T00548,20:31,83.07
T00549,05:36,86.41
T00550,23:48,59.44
T00551,06:28,42.11
T00552,14:23,60.31
T00553,08:10,42.14
T00554,00:34,44.28
T00555,18:14,59.8
T00556,16:29,32.56
T00557,21:52,16.93
T00558,10:15,26.25
T00559,17:08,42.34
T00560,08:34,103.31
T00561,09:45,102.12
T00562,11:54,19.24
T00563,17:33,39.55
T00564,03:08,20.99
T00565,15:49,52.07
T00566,13:43,38.15
T00567,15:56,60.88
T00568,14:09,66.68
T00569,11:56,41.54
T00570,11:34,20.54
T00571,04:47,54.81
T00572,10:59,9.49
T00573,01:50,32.89
T00574,06:13,85.75
T00575,14:48,9.23
T00576,00:34,18.51
T00577,05:46,71.89
T00578,16:54,27.16
T00579,10:13,58.69
T00580,01:35,20.52
T00581,20:02,33.83
T00582,16:11,33.64
T00583,20:53,21.57
T00584,22:56,47.87
T00585,00:57,18.43
T00586,19:14,48.45
T00587,21:49,44.42
T00588,03:06,33.7
T00589,17:17,42.2
T00590,16:01,59.22
T00591,11:46,30.58
T00592,12:07,17.16
T00593,09:01,75.65
T00594,04:45,56.19
T00595,10:37,29.1
T00596,18:02,41.21
T00597,22:11,42.23
T00598,20:24,13.93
T00599,23:53,64.25
T00600,09:14,2.54
T00601,06:56,0.0
T00602,10:09,37.95
T00603,18:05,35.83
T00604,20:50,38.6
T00605,03:48,113.95
T00606,08:19,12.63
T00607,13:31,44.98
T00608,10:25,14.13
T00609,16:00,37.86
T00610,03:17,31.54
T00611,13:43,5.16
T00612,09:44,24.54
T00613,11:07,25.53
T00614,16:04,86.3
T00615,06:04,20.43
T00616,14:39,37.43
T00617,12:06,27.68
T00618,20:52,2.52
T00619,22:27,47.68
T00620,18:00,69.44
T00621,05:41,40.57
T00622,19:46,3.65
T00623,04:04,0.0
T00624,20:37,14.63
T00625,18:49,47.67
T00626,22:03,35.26
T00627,15:21,33.57
T00628,05:17,44.7
T00629,11:02,21.11
T00630,03:39,38.16
T00631,16:12,39.14
T00632,03:40,24.24
T00633,15:52,99.81
T00634,23:39,41.11
T00635,03:31,23.03
T00636,07:23,86.79
T00637,03:10,19.34
T00638,11:36,54.93
T00639,03:13,38.73
T00640,10:50,56.64
T00641,23:43,44.38
T00642,06:22,32.17
T00643,07:18,11.67
T00644,05:23,68.44
T00645,11:54,19.09
T00646,16:14,83.45
T00647,19:56,0.0
T00648,10:28,63.33
T00649,15:33,0.0
T00650,14:28,36.25
T00651,05:06,46.55
T00652,15:25,56.63
T00653,11:53,45.62
T00654,18:25,14.41
T00655,17:16,18.03
T00656,04:03,30.94
T00657,05:53,43.33
T00658,08:54,92.98
T00659,03:16,60.31
T00660,17:27,10.6
T00661,11:06,87.84
T00662,17:02,21.45
T00663,19:10,61.06
T00664,20:51,65.94
T00665,18:47,45.07
T00666,02:07,26.45
T00667,21:29,76.32
T00668,20:03,23.2
T00669,21:04,30.42
T00670,10:04,34.91
T00671,22:03,38.02
T00672,03:18,34.59
T00673,14:36,10.48
T00674,07:20,59.78
T00675,11:48,53.11
T00676,00:39,44.05
T00677,05:06,18.38
T00678,18:10,64.15
T00679,14:44,37.36
T00680,07:54,45.2
T00681,10:53,89.46
T00682,08:34,39.18
T00683,11:43,44.71
T00684,10:18,6.81
T00685,16:55,26.01
T00686,16:13,72.62
T00687,17:13,44.26
T00688,18:23,1.21
T00689,10:10,39.22
T00690,22:23,100.98
T00691,17:38,38.82
T00692,05:17,21.16
T00693,12:12,24.83
T00694,02:14,49.72
T00695,17:59,47.85
T00696,10:02,58.91
T00697,16:27,99.71
T00698,20:04,21.96
T00699,05:09,63.69
T00700,11:45,70.35
T00701,05:05,53.1
T00702,13:10,38.44
T00703,02:12,64.07
T00704,15:38,5.51
T00705,20:43,46.66
T00706,11:07,8.9
T00707,05:57,32.56
T00708,10:04,27.32
T00709,17:00,26.56
T00710,19:29,70.75
T00711,01:11,48.04
T00712,04:11,45.96
T00713,02:01,126.06
T00714,01:42,64.22
T00715,22:40,110.3
T00716,08:05,19.65
T00717,15:55,45.66
T00718,00:34,55.7
T00719,21:42,27.3
T00720,22:21,14.4
T00721,15:09,49.68
T00722,13:56,12.48
T00723,17:36,47.46
T00724,23:48,2.05
T00725,04:40,7.17
T00726,11:04,22.3
T00727,12:53,33.1
T00728,17:51,30.26
T00729,22:21,32.09
T00730,21:30,39.38
T00731,19:48,18.42
T00732,09:04,29.21
T00733,10:13,24.11
T00734,07:31,47.43
T00735,11:35,65.7
T00736,23:38,21.92
T00737,20:29,106.66
T00738,14:00,68.74
T00739,04:52,34.5
T00740,22:36,31.01
T00741,20:54,38.55
T00742,06:42,30.97
T00743,18:46,62.35
T00744,04:37,58.8
T00745,08:03,48.1
T00746,16:57,43.57
T00747,02:08,62.08
T00748,23:36,66.51
T00749,04:29,29.86
T00750,14:20,39.7
T00751,21:08,56.57
T00752,09:54,13.2
T00753,03:43,62.55
T00754,18:41,54.12
T00755,01:58,0.0
T00756,06:39,40.76
T00757,13:25,35.59
T00758,00:16,21.42
T00759,01:48,89.43
T00760,05:23,84.08
T00761,14:58,17.05
T00762,16:56,60.27
T00763,16:54,25.03
T00764,04:13,52.48
T00765,14:54,13.22
T00766,05:34,34.68
T00767,10:44,68.42
T00768,07:27,76.22
T00769,22:00,63.11
T00770,14:37,65.3
T00771,13:25,43.26
T00772,06:08,98.18
T00773,01:12,56.16
T00774,15:04,16.84
T00775,10:04,27.44
T00776,00:56,40.41
T00777,22:29,14.08
T00778,03:29,0.0
T00779,13:07,24.07
T00780,09:45,1.84
T00781,10:31,68.06
T00782,07:36,28.2
T00783,16:40,113.02
T00784,15:23,99.6
T00785,19:42,111.24
T00786,07:20,32.0
T00787,20:18,23.9
T00788,15:46,73.82
T00789,04:46,108.22
T00790,02:32,39.07
T00791,08:02,86.61
T00792,07:00,100.54
T00793,04:51,68.21
T00794,19:12,41.13
T00795,14:51,0.3
T00796,05:01,29.71
T00797,18:55,52.91
T00798,22:14,23.11
T00799,00:36,11.43
T00800,01:02,15.5
T00801,02:28,26.36
T00802,23:49,105.49
T00803,03:50,51.59
T00804,09:42,16.53
T00805,05:29,40.6
T00806,21:36,70.5
T00807,15:26,31.93
T00808,03:51,68.87
T00809,18:22,74.71
T00810,11:49,42.89
T00811,12:48,15.71
T00812,08:13,20.59
T00813,01:15,56.17
T00814,00:08,34.86
T00815,13:08,16.11
T00816,14:25,3.1
T00817,07:40,41.66
T00818,03:48,46.74
T00819,20:09,20.45
T00820,07:04,60.31
T00821,02:08,40.88
T00822,23:14,19.11
T00823,00:14,72.32
T00824,08:43,69.68
T00825,02:46,98.15
T00826,08:18,26.99
T00827,11:25,49.01
T00828,22:23,31.24
T00829,10:44,48.07
T00830,17:07,53.49
T00831,08:50,47.5
T00832,00:08,10.01
T00833,22:18,51.7
T00834,01:58,36.67
T00835,14:28,98.25
T00836,23:04,38.36
T00837,10:15,51.79
T00838,17:48,18.74
T00839,08:40,81.8
T00840,15:12,14.65
T00841,15:19,113.59
T00842,05:01,37.26
T00843,07:24,63.68
T00844,15:32,38.39
T00845,18:47,61.0
T00846,09:27,63.32
T00847,19:25,23.57
T00848,20:09,83.1
T00849,07:14,44.94
T00850,10:55,36.0
T00851,08:08,81.38
T00852,16:11,13.69
T00853,20:23,38.86
T00854,08:05,30.2
T00855,09:51,27.53
T00856,20:24,2.87
T00857,12:20,48.01
T00858,04:33,42.76
T00859,11:35,37.75
T00860,10:50,24.67
T00861,08:19,32.63
T00862,09:42,67.9
T00863,00:06,40.88
T00864,07:24,63.41
T00865,19:02,9.4
T00866,18:22,41.3
T00867,09:44,56.28
T00868,21:50,63.5
T00869,06:42,56.12
T00870,05:18,32.59
T00871,07:01,63.77
T00872,01:33,0.0
T00873,03:34,42.57
T00874,00:56,30.55
T00875,20:32,18.5
T00876,04:34,34.54
T00877,14:34,11.27
T00878,22:17,95.43
T00879,22:34,63.53
T00880,18:10,35.5
T00881,01:25,52.61
T00882,17:45,27.05
T00883,23:28,45.15
T00884,05:11,5.07
T00885,04:26,11.63
T00886,16:30,14.07
T00887,13:21,76.82
T00888,14:53,17.77
T00889,09:04,105.4
T00890,03:54,73.99
T00891,02:04,59.84
T00892,12:54,19.2
T00893,20:39,39.51
T00894,02:46,15.27
T00895,10:43,7.77
T00896,01:39,25.95
T00897,23:52,56.3
T00898,08:02,0.0
T00899,09:37,40.33
T00900,21:53,51.98
T00901,11:18,77.66
T00902,05:33,45.68
T00903,13:08,9.87
T00904,06:17,41.72
T00905,13:10,27.41
T00906,13:44,56.36
T00907,23:19,33.49
T00908,00:16,54.82
T00909,14:07,53.95
T00910,21:24,95.71
T00911,13:15,26.52
T00912,21:44,87.8
T00913,08:21,59.24
T00914,13:41,30.74
T00915,21:46,22.06
T00916,20:08,50.0
T00917,02:20,15.25
T00918,13:07,22.81
T00919,00:10,46.38
T00920,03:41,36.5
T00921,14:48,25.02
T00922,05:16,71.33
T00923,15:47,72.25
T00924,13:33,27.4
T00925,11:35,0.0
T00926,20:16,26.13
T00927,12:24,24.93
T00928,12:52,3.23
T00929,18:24,27.61
T00930,16:59,49.17
T00931,05:27,19.39
T00932,08:36,5.61
T00933,05:51,24.18
T00934,09:54,24.38
T00935,09:31,76.89
T00936,16:30,52.21
T00937,14:59,53.73
T00938,01:21,56.34
T00939,20:29,65.92
T00940,10:50,23.29
T00941,04:36,17.93
T00942,22:27,15.51
T00943,06:08,43.61
T00944,01:02,78.28
T00945,19:23,33.25
T00946,12:57,40.83
T00947,04:43,44.98
T00948,18:57,23.81
T00949,18:16,75.42
T00950,22:36,23.88
T00951,10:28,35.45
T00952,14:11,28.8
T00953,20:31,12.7
T00954,22:10,61.02
T00955,13:10,66.89
T00956,16:02,25.81
T00957,18:02,63.82
T00958,17:26,24.17
T00959,19:13,95.52
T00960,03:55,6.69
T00961,21:31,9.22
T00962,19:38,36.54
T00963,23:09,88.1
T00964,11:11,21.92
T00965,00:30,24.04
T00966,18:12,85.59
T00967,19:05,21.92
T00968,15:00,37.93
T00969,22:17,40.27
T00970,04:40,18.57
T00971,03:41,23.19
T00972,04:04,11.3
T00973,11:47,28.42
T00974,07:26,53.5
T00975,15:52,46.16
T00976,23:24,56.73
T00977,10:35,93.64
T00978,01:09,15.93
T00979,04:36,53.1
T00980,08:34,61.18
T00981,05:22,1.86
T00982,14:32,18.93
T00983,05:41,30.32
T00984,13:44,19.54
T00985,21:19,83.99
T00986,18:48,21.44
T00987,22:19,6.89
T00988,23:14,23.43
T00989,04:20,29.15
T00990,12:12,52.58
T00991,03:44,28.17
T00992,16:10,37.14
T00993,20:58,94.69
T00994,18:08,1.14
T00995,15:08,29.85
T00996,22:05,20.76
T00997,18:49,44.21
T00998,10:27,20.21
T00999,03:59,48.5
T01000,04:51,19.14
T01001,20:03,55.11
T01002,13:17,6.18
T01003,18:18,34.55
T01004,17:34,24.86
T01005,04:28,17.54
T01006,15:00,21.72
T01007,11:30,30.11
T01008,07:41,49.8
T01009,17:06,25.88
T01010,21:52,21.25
T01011,15:30,59.87
T01012,18:01,0.0
T01013,01:25,8.78
T01014,10:11,61.54
T01015,00:07,18.28
T01016,16:50,43.26
T01017,09:34,45.35
T01018,11:57,23.26
T01019,00:08,40.27
T01020,14:19,73.11
T01021,21:07,19.44
T01022,01:40,12.64
T01023,03:20,52.31
T01024,08:07,54.3
T01025,23:01,39.4
T01026,20:35,8.5
T01027,05:18,28.8
T01028,07:35,44.83
T01029,11:54,20.04
T01030,17:53,43.7
T01031,10:04,46.77
T01032,17:39,42.88
T01033,03:08,0.0
T01034,09:47,52.24
T01035,23:15,20.03
T01036,05:16,31.1
T01037,08:59,71.99
T01038,15:23,14.08
T01039,09:09,29.09
T01040,15:07,63.32
T01041,03:27,62.3
T01042,09:37,53.61
T01043,16:02,42.93
T01044,00:25,80.94
T01045,21:31,49.67
T01046,03:15,25.21
T01047,06:44,17.27
T01048,08:47,27.23
T01049,18:02,26.91
T01050,16:22,32.55
T01051,02:26,84.31
T01052,14:26,25.62
T01053,05:55,27.88
T01054,13:59,47.28
T01055,20:35,16.5
T01056,09:04,59.1
T01057,08:28,23.63
T01058,20:20,10.38
T01059,21:10,51.89
T01060,08:49,82.32
T01061,22:33,27.98
T01062,15:07,3.23
T01063,08:34,61.62
T01064,00:56,56.13
T01065,04:29,34.29
T01066,04:55,25.43
T01067,13:58,113.26
T01068,03:53,47.21
T01069,09:21,13.31
T01070,05:38,57.14
T01071,02:44,11.54
T01072,20:35,54.26
T01073,12:24,38.72
T01074,00:12,63.43
T01075,22:31,63.31
T01076,03:08,0.0
T01077,00:50,86.91
T01078,11:53,63.09
T01079,09:06,25.0
T01080,18:09,31.26
T01081,20:52,94.86
T01082,21:57,1.33
T01083,17:13,35.55
T01084,23:47,22.82
T01085,02:34,44.7
T01086,12:20,13.66
T01087,21:07,29.77
T01088,01:35,72.2
T01089,13:36,41.19
T01090,12:11,37.97
T01091,16:45,56.43
T01092,19:13,69.82
T01093,07:39,97.3
T01094,13:28,56.57
T01095,23:39,67.75
T01096,22:44,19.35
T01097,19:04,90.7
T01098,09:08,63.39
T01099,17:03,5.53
T01100,05:21,47.71
T01101,19:48,68.8
T01102,20:40,36.21
T01103,14:36,50.71
T01104,07:12,7.95
T01105,15:17,38.61
T01106,10:16,34.85
T01107,23:32,21.47
T01108,23:25,77.56
T01109,06:46,75.62
T01110,17:34,44.46
T01111,06:16,53.93
T01112,09:24,38.64
T01113,01:39,78.03
T01114,17:10,66.49
T01115,18:55,15.96
T01116,14:47,15.74
T01117,16:27,33.67
T01118,11:28,18.09
T01119,05:44,107.21
T01120,23:12,5.72
T01121,16:00,0.0
T01122,00:25,10.78
T01123,12:08,44.08
T01124,02:29,54.0
T01125,20:57,31.26
T01126,08:49,83.05
T01127,09:40,48.37
T01128,12:06,59.61
T01129,01:23,12.19
T01130,16:29,27.99
T01131,15:05,10.29
T01132,09:57,37.1
T01133,15:05,65.35
T01134,10:45,69.62
T01135,20:13,58.36
T01136,18:45,14.29
T01137,18:27,39.17
T01138,01:26,27.39
T01139,08:36,62.64
T01140,23:28,32.42
T01141,01:54,66.47
T01142,00:07,21.72
T01143,06:36,3.08
T01144,15:31,28.18
T01145,08:31,26.74
T01146,16:55,29.55
T01147,15:32,45.22
T01148,03:32,0.0
T01149,12:50,46.86
T01150,02:24,57.4
T01151,08:00,42.53
T01152,11:19,20.26
T01153,23:49,29.29
T01154,09:32,78.22
T01155,05:35,46.64
T01156,04:13,7.16
T01157,15:05,45.61
T01158,18:24,62.42
T01159,09:53,24.47
T01160,03:08,3.96
T01161,21:27,8.05
T01162,20:27,85.8
T01163,11:00,51.04
T01164,07:48,26.15
T01165,03:13,90.97
T01166,05:43,42.46
T01167,16:03,88.04
T01168,07:15,9.93
T01169,04:15,8.89
T01170,07:53,45.24
T01171,13:19,56.45
T01172,20:45,40.27
T01173,09:21,23.58
T01174,03:49,97.96
T01175,04:20,15.97
T01176,02:08,39.67
T01177,18:52,25.66
T01178,16:02,61.22
T01179,13:46,35.36
T01180,05:54,37.47
T01181,05:20,78.54
T01182,19:59,44.23
T01183,15:53,27.55
T01184,01:11,6.67
T01185,04:45,19.29
T01186,17:13,58.3
T01187,18:08,18.26
T01188,22:59,37.2
T01189,16:44,82.29
T01190,10:45,21.42
T01191,01:17,57.1
T01192,02:08,71.81
T01193,15:52,19.63
T01194,18:23,9.55
T01195,08:13,31.65
T01196,19:01,69.84
T01197,08:06,30.02
T01198,05:11,0.0
T01199,11:54,63.82
T01200,12:34,36.97
T01201,23:03,19.7
T01202,18:43,34.91
T01203,16:25,51.24
T01204,15:17,15.98
T01205,07:38,0.0
T01206,17:15,45.28
T01207,19:58,46.87
T01208,22:20,9.94
T01209,00:46,37.01
T01210,05:02,13.19
T01211,17:48,53.1
T01212,12:05,20.25
T01213,18:31,25.65
T01214,10:28,20.06
T01215,14:29,39.79
T01216,21:12,52.28
T01217,18:20,36.86
T01218,12:10,56.48
T01219,05:50,26.27
T01220,22:51,33.19
T01221,23:33,33.93
T01222,14:04,70.34
T01223,06:02,24.25
T01224,20:33,79.53
T01225,05:10,71.57
T01226,11:24,37.88
T01227,12:00,40.74
T01228,04:01,69.72
T01229,20:58,12.89
T01230,00:39,23.48
T01231,22:49,45.02
T01232,04:06,20.19
T01233,13:44,76.37
T01234,06:26,30.67
T01235,13:21,59.91
T01236,04:30,37.06
T01237,19:19,38.82
T01238,06:38,70.17
T01239,01:46,28.84
T01240,08:42,36.76
T01241,07:07,71.45
T01242,00:22,78.09
T01243,12:09,91.66
T01244,22:45,44.86
T01245,06:14,36.41
T01246,01:48,42.8
T01247,06:55,29.87
T01248,00:33,34.24
T01249,09:36,54.55
T01250,07:54,48.24
T01251,18:59,24.64
T01252,02:31,68.72
T01253,02:44,26.72
T01254,20:07,37.38
T01255,01:22,69.8
T01256,09:26,21.69
T01257,03:54,35.17
T01258,17:50,113.74
T01259,04:10,89.85
T01260,06:27,64.21
T01261,05:42,14.96
T01262,15:25,56.35
T01263,08:58,22.83
T01264,22:53,11.83
T01265,22:05,43.3
T01266,18:59,45.46
T01267,13:22,30.41
T01268,18:01,18.82
T01269,08:08,38.4
T01270,13:59,62.99
T01271,18:04,88.71
T01272,19:38,55.53
T01273,05:25,97.81
T01274,05:45,32.69
T01275,02:13,46.25
T01276,13:51,39.23
T01277,19:17,1.31
T01278,02:18,13.58
T01279,13:08,33.14
T01280,09:04,31.9
T01281,01:14,24.96
T01282,19:05,32.06
T01283,14:06,57.2
T01284,19:03,26.31
T01285,19:35,46.59
T01286,10:30,35.54
T01287,13:52,36.89
T01288,16:32,56.91
T01289,02:46,95.42
T01290,05:51,72.08
T01291,23:01,36.79
T01292,11:21,37.6
T01293,00:29,59.91
T01294,01:20,59.57
T01295,09:13,20.76
T01296,23:01,18.03
T01297,07:22,14.78
T01298,14:51,2.59
T01299,00:13,47.61
T01300,02:43,31.2
T01301,14:43,56.57
T01302,18:08,73.94
T01303,02:00,28.51
T01304,10:16,31.99
T01305,05:28,39.84
T01306,00:19,8.33
T01307,07:38,45.32
T01308,01:54,25.76
T01309,22:16,4.23
T01310,14:52,20.65
T01311,04:46,63.9
T01312,12:43,72.87
T01313,06:24,29.13
T01314,18:06,44.32
T01315,10:19,92.33
T01316,09:56,55.39
T01317,06:18,24.97
T01318,07:39,45.09
T01319,07:57,14.21
T01320,21:36,70.37
T01321,22:09,69.42
T01322,21:19,68.72
T01323,01:29,75.96
T01324,10:52,67.8
T01325,08:29,2.18
T01326,11:34,5.61
T01327,15:40,81.46
T01328,19:57,32.08
T01329,02:37,125.11
T01330,12:08,33.33
T01331,19:33,15.79
T01332,03:43,13.83
T01333,09:21,41.18
T01334,08:51,35.36
T01335,21:01,42.8
T01336,16:48,0.0
T01337,20:06,41.38
T01338,22:01,53.97
T01339,21:56,85.2
T01340,13:49,24.83
T01341,02:39,62.61
T01342,07:28,67.92
T01343,08:13,30.31
T01344,16:59,61.07
T01345,17:07,48.4
T01346,23:19,83.55
T01347,09:37,31.83
T01348,23:40,24.77
T01349,18:17,29.16
T01350,11:26,45.25
T01351,12:01,47.92
T01352,09:52,26.12
T01353,09:14,37.26
T01354,04:13,43.9
T01355,21:14,37.59
T01356,03:42,72.56
T01357,05:09,74.94
T01358,16:51,32.04
T01359,04:08,0.0
T01360,13:51,15.12
T01361,11:54,59.9
T01362,03:01,30.88
T01363,06:39,79.67
T01364,01:23,55.98
T01365,05:49,13.34
T01366,02:57,49.65
T01367,20:57,30.94
T01368,16:21,57.48
T01369,18:13,61.63
T01370,01:15,18.47
T01371,17:31,79.22
T01372,01:45,65.82
T01373,08:11,27.94
T01374,04:17,11.11
T01375,18:44,25.58
T01376,01:37,18.1
T01377,00:17,44.85
T01378,11:16,49.68
T01379,11:17,20.88
T01380,06:39,29.34
T01381,08:32,78.3
T01382,06:55,9.95
T01383,16:52,42.21
T01384,22:56,15.79
T01385,20:39,23.37
T01386,01:47,9.61
T01387,04:21,40.12
T01388,23:19,72.64
T01389,12:56,49.91
T01390,16:30,46.4
T01391,23:20,37.19
T01392,09:44,18.06
T01393,22:37,64.64
T01394,20:06,22.58
T01395,05:03,91.51
T01396,04:26,68.81
T01397,04:23,52.09
T01398,06:52,3.75
T01399,16:56,44.39
T01400,14:04,46.89
T01401,17:48,17.07
T01402,16:44,83.69
T01403,01:12,30.16
T01404,19:19,37.17
T01405,02:58,9.35
T01406,00:39,53.19
T01407,20:33,19.04
T01408,08:41,12.88
T01409,06:09,14.28
T01410,09:31,8.3
T01411,14:43,56.79
T01412,01:01,1.66
T01413,20:18,8.74
T01414,15:42,63.46
T01415,02:55,32.08
T01416,04:47,82.23
T01417,09:22,29.02
T01418,16:15,24.01
T01419,05:47,40.99
T01420,23:52,49.46
T01421,14:35,37.84
T01422,19:21,38.63
T01423,20:13,49.41
T01424,02:08,73.57
T01425,00:17,20.68
T01426,15:24,17.67
T01427,01:04,0.0
T01428,10:44,44.75
T01429,23:00,87.7
T01430,23:56,20.99
T01431,11:38,65.1
T01432,23:26,47.68
T01433,22:18,32.27
T01434,12:35,53.55
T01435,12:47,38.48
T01436,01:29,29.06
T01437,17:30,36.31
T01438,16:15,20.25
T01439,15:20,0.0
T01440,09:43,100.13
T01441,18:19,38.25
T01442,07:22,17.23
T01443,18:47,19.93
T01444,16:09,41.19
T01445,16:11,24.74
T01446,03:48,23.18
T01447,17:52,17.6
T01448,04:13,83.12
T01449,21:11,52.95
T01450,08:23,102.03
T01451,10:45,22.68
T01452,09:04,70.11
T01453,18:32,43.86
T01454,17:02,77.09
T01455,22:37,9.99
T01456,21:45,31.71
T01457,12:58,65.12
T01458,10:45,70.74
T01459,22:30,24.97
T01460,15:44,36.18
T01461,00:09,43.43
T01462,19:50,38.47
T01463,12:16,3.33
T01464,07:27,42.54
T01465,13:38,36.6
T01466,22:12,35.87
T01467,15:06,37.92
T01468,16:32,24.63
T01469,16:56,9.72
T01470,15:08,75.53
T01471,17:44,55.81
T01472,19:09,58.67
T01473,05:02,56.09
T01474,20:23,45.56
T01475,14:18,112.86
T01476,07:23,6.09
T01477,10:38,70.29
T01478,14:29,51.27
T01479,17:06,47.16
T01480,11:28,43.67
T01481,20:16,3.79
T01482,20:54,69.39
T01483,12:48,50.85
T01484,22:41,0.0
T01485,19:22,98.44
T01486,22:25,18.55
T01487,16:54,77.43
T01488,23:37,71.78
T01489,18:42,84.75
T01490,01:33,60.4
T01491,12:28,19.84
T01492,01:58,46.69
T01493,05:59,41.55
T01494,05:46,53.25
T01495,10:05,52.54
T01496,12:56,64.06
T01497,20:55,60.06
T01498,18:32,37.92
T01499,21:16,41.04
T01500,17:49,59.6
T01501,23:30,48.69
T01502,13:29,63.9
T01503,17:03,0.99
T01504,10:00,108.73
T01505,15:54,61.37
T01506,23:38,53.22
T01507,19:34,60.36
T01508,08:13,84.15
T01509,09:48,20.85
T01510,02:18,7.65
T01511,16:58,51.5
T01512,13:52,35.3
T01513,04:39,29.83
T01514,08:19,19.9
T01515,23:46,47.05
T01516,06:01,62.46
T01517,02:53,64.39
T01518,22:46,87.33
T01519,19:18,43.16
T01520,23:15,55.41
T01521,06:23,50.73
T01522,17:04,54.0
T01523,17:25,0.0
T01524,08:33,37.11
T01525,11:25,64.51
T01526,07:33,45.12
T01527,16:58,83.09
T01528,04:21,39.06
T01529,09:52,115.11
T01530,19:40,25.09
T01531,10:37,13.72
T01532,09:30,56.06
T01533,02:47,109.66
T01534,12:17,45.43
T01535,15:16,14.41
T01536,06:59,39.88
T01537,03:49,39.23
T01538,00:58,18.22
T01539,21:57,17.3
T01540,21:52,25.64
T01541,19:27,94.56
T01542,14:24,43.54
T01543,21:32,23.16
T01544,22:35,14.97
T01545,02:17,14.84
T01546,08:41,6.0
T01547,08:29,31.3
T01548,13:46,78.12
T01549,13:21,1.41
T01550,22:27,80.93
T01551,22:00,74.91
T01552,00:35,58.07
T01553,02:49,27.1
T01554,11:02,72.52
T01555,19:40,35.44
T01556,15:26,62.62
T01557,21:23,22.55
T01558,17:28,14.28
T01559,13:05,15.56
T01560,20:48,39.59
T01561,00:13,32.18
T01562,19:05,70.91
T01563,03:38,36.77
T01564,20:05,40.25
T01565,02:39,20.12
T01566,01:25,88.31
T01567,07:13,47.74
T01568,16:20,11.27
T01569,07:39,0.0
T01570,03:48,37.19
T01571,19:55,61.65
T01572,18:04,35.77
T01573,02:46,28.0
T01574,08:38,32.94
T01575,19:24,53.98
T01576,06:06,84.24
T01577,04:41,83.89
T01578,06:32,12.94
T01579,11:42,63.57
T01580,22:37,0.0
T01581,19:18,55.83
T01582,05:36,36.69
T01583,08:28,43.0
T01584,13:25,8.64
T01585,23:13,87.78
T01586,14:45,17.05
T01587,09:59,28.86
T01588,05:58,17.38
T01589,09:39,45.19
T01590,07:40,84.93
T01591,03:21,35.14
T01592,16:49,9.14
T01593,18:46,9.23
T01594,18:35,22.38
T01595,09:13,39.34
T01596,21:13,24.57
T01597,12:47,33.5
T01598,09:36,28.98
T01599,16:43,38.6
T01600,16:41,41.8
T01601,20:30,47.96
T01602,16:56,48.95
T01603,06:52,76.99
T01604,05:37,50.53
T01605,12:31,89.35
T01606,16:01,47.37
T01607,11:26,12.45
T01608,06:58,25.57
T01609,16:18,20.49
T01610,02:43,62.73
T01611,22:51,18.5
T01612,09:41,48.45
T01613,19:23,49.29
T01614,13:09,28.0
T01615,19:04,23.94
T01616,09:32,68.17
T01617,12:32,10.06
T01618,16:23,27.87
T01619,17:18,22.23
T01620,05:43,29.0
T01621,20:38,21.38
T01622,06:26,76.36
T01623,23:23,31.34
T01624,07:40,14.31
T01625,04:25,55.25
T01626,15:56,43.54
T01627,21:34,41.25
T01628,08:14,72.6
T01629,18:49,39.97
T01630,16:40,38.63
T01631,01:43,33.48
T01632,16:59,34.6
T01633,21:07,66.85
T01634,22:04,12.97
T01635,06:32,4.27
T01636,15:52,42.38
T01637,14:24,46.67
T01638,19:21,29.67
T01639,22:09,37.8
T01640,00:25,42.77
T01641,20:26,49.35
T01642,12:56,32.47
T01643,01:08,56.87
T01644,17:24,41.31
T01645,05:14,36.21
T01646,16:34,37.78
T01647,02:44,48.62
T01648,03:45,40.53
T01649,05:27,30.66
T01650,01:59,62.53
T01651,13:59,26.53
T01652,02:32,48.89
T01653,08:57,66.31
T01654,13:16,54.57
T01655,00:24,26.57
T01656,04:12,45.28
T01657,15:54,5.91
T01658,02:30,12.82
T01659,14:06,50.73
T01660,23:58,71.15
T01661,16:45,38.39
T01662,13:23,42.31
T01663,10:36,10.84
T01664,05:46,79.31
T01665,09:05,49.92
T01666,19:35,72.9
T01667,22:15,50.68
T01668,18:43,53.11
T01669,06:10,47.63
T01670,15:38,22.01
T01671,12:48,59.81
T01672,00:12,64.33
T01673,00:08,54.11
T01674,22:48,38.23
T01675,17:36,71.36
T01676,18:18,39.38
T01677,22:57,54.47
T01678,20:30,30.86
T01679,04:50,20.29
T01680,02:33,29.21
T01681,11:49,44.82
T01682,23:59,35.54
T01683,21:34,61.44
T01684,19:56,53.77
T01685,15:39,11.12
T01686,22:09,10.41
T01687,07:02,60.79
T01688,16:52,8.67
T01689,06:24,41.45
T01690,08:57,76.53
T01691,03:41,84.16
T01692,21:44,19.35
T01693,07:16,43.5
T01694,23:11,67.59
T01695,10:28,42.09
T01696,12:11,49.56
T01697,20:11,59.36
T01698,18:48,48.32
T01699,14:53,81.37
T01700,02:59,27.96
T01701,05:13,82.8
T01702,19:01,69.92
T01703,23:44,76.67
T01704,16:14,25.07
T01705,11:28,39.17
T01706,15:33,36.34
T01707,00:50,20.77
T01708,02:55,31.89
T01709,09:02,79.4
T01710,11:07,41.57
T01711,17:41,41.22
T01712,08:44,29.99
T01713,14:15,92.19
T01714,10:27,23.88
T01715,16:15,55.93
T01716,18:35,18.56
T01717,22:29,30.69
T01718,23:26,14.83
T01719,08:03,8.36
T01720,07:43,31.72
T01721,20:54,92.74
T01722,03:48,41.54
T01723,22:20,49.43
T01724,18:23,81.71
T01725,20:47,87.47
T01726,08:33,2.74
T01727,17:12,55.39
T01728,18:52,44.39
T01729,14:22,52.59
T01730,16:41,19.51
T01731,21:59,10.04
T01732,04:41,57.99
T01733,10:47,3.13
T01734,22:43,90.32
T01735,03:27,7.99
T01736,09:47,96.32
T01737,08:05,48.45
T01738,11:15,52.09
T01739,14:05,52.29
T01740,12:07,44.85
T01741,14:38,27.24
T01742,19:06,23.48
T01743,04:19,33.48
T01744,08:30,55.62
T01745,12:41,29.28
T01746,00:34,85.32
T01747,00:21,10.11
T01748,05:51,54.68
T01749,19:00,74.0
T01750,15:42,23.34
T01751,18:30,27.9
T01752,22:37,27.66
T01753,09:43,73.07
T01754,15:34,47.32
T01755,12:21,58.28
T01756,09:25,63.08
T01757,04:11,49.48
T01758,08:21,105.29
T01759,20:46,12.74
T01760,09:39,17.82
T01761,17:32,61.47
T01762,02:49,25.92
T01763,14:44,4.64
T01764,06:20,40.48
T01765,21:41,62.74
T01766,02:50,45.66
T01767,07:29,9.76
T01768,10:46,61.49
T01769,20:43,18.7
T01770,12:50,63.57
T01771,14:45,19.63
T01772,00:48,40.25
T01773,23:05,109.43
T01774,00:15,70.85
T01775,12:20,14.97
T01776,15:40,5.46
T01777,13:31,58.18
T01778,08:47,8.13
T01779,21:53,54.0
T01780,08:12,57.58
T01781,15:22,42.72
T01782,17:32,39.27
T01783,02:40,58.43
T01784,11:06,11.12
T01785,18:22,23.48
T01786,15:03,55.48
T01787,06:44,67.88
T01788,21:10,23.47
T01789,14:31,58.98
T01790,17:34,15.4
T01791,17:23,9.13
T01792,09:58,35.67
T01793,04:21,2.3
T01794,16:52,0.0
T01795,10:50,80.85
T01796,00:09,70.18
T01797,15:52,33.44
T01798,14:49,58.69
T01799,08:02,12.74
T01800,11:32,20.13
T01801,13:30,5.19
T01802,00:34,107.33
T01803,12:45,31.06
T01804,13:50,10.75
T01805,20:46,55.16
T01806,09:11,53.57
T01807,18:09,18.51
T01808,07:37,43.48
T01809,04:41,23.66
T01810,16:23,104.65
T01811,23:58,79.14
T01812,10:14,13.2
T01813,17:34,33.34
T01814,09:30,13.04
T01815,15:08,22.88
T01816,02:10,1.72
T01817,06:48,27.85
T01818,16:04,41.45
T01819,01:33,12.6
T01820,04:38,35.08
T01821,13:27,83.38
T01822,06:02,50.29
T01823,13:07,14.86
T01824,23:28,73.03
T01825,15:34,79.76
T01826,07:02,33.34
T01827,05:21,108.42
T01828,15:59,35.49
T01829,10:34,24.11
T01830,02:17,30.2
T01831,03:54,38.33
T01832,09:39,27.09
T01833,21:34,21.2
T01834,21:01,34.03
T01835,06:03,13.86
T01836,03:48,23.69
T01837,02:27,50.74
T01838,23:08,30.89
T01839,02:42,27.41
T01840,03:23,40.29
T01841,20:21,18.93
T01842,20:47,38.92
T01843,03:22,14.64
T01844,11:31,56.25
T01845,12:44,53.06
T01846,06:51,50.65
T01847,11:46,0.0
T01848,02:07,36.49
T01849,18:43,85.82
T01850,15:26,14.88
T01851,17:50,28.75
T01852,14:20,3.98
T01853,17:55,45.05
T01854,04:28,0.0
T01855,08:41,7.55
T01856,02:31,102.1
T01857,14:08,82.56
T01858,20:54,60.33
T01859,19:15,0.0
T01860,03:34,52.9
T01861,13:05,53.77
T01862,16:34,45.09
T01863,19:43,25.05
T01864,20:20,0.0
T01865,17:03,21.54
T01866,04:36,25.57
T01867,03:47,16.62
T01868,03:06,90.76
T01869,13:32,50.19
T01870,20:22,38.38
T01871,02:09,46.85
T01872,22:59,55.49
T01873,21:20,49.79
T01874,20:47,44.63
T01875,01:29,93.44
T01876,12:45,55.19
T01877,20:39,82.69
T01878,23:44,40.1
T01879,06:46,13.99
T01880,01:11,117.69
T01881,07:15,63.6
T01882,09:25,109.85
T01883,18:18,31.02
T01884,00:10,64.94
T01885,12:34,51.64
T01886,21:33,6.24
T01887,06:02,27.93
T01888,11:24,42.09
T01889,20:08,40.93
T01890,17:43,23.13
T01891,20:48,21.99
T01892,19:55,40.68
T01893,07:58,94.8
T01894,09:19,56.92
T01895,13:01,61.86
T01896,09:40,2.93
T01897,05:23,27.26
T01898,09:35,21.58
T01899,11:07,66.96
T01900,09:53,55.28
T01901,18:20,44.67
T01902,03:34,32.65
T01903,04:48,40.37
T01904,19:12,57.93
T01905,09:54,49.41
T01906,19:04,6.92
T01907,02:59,13.6
T01908,15:29,18.14
T01909,23:39,55.78
T01910,04:05,27.14
T01911,02:35,49.0
T01912,03:13,24.12
T01913,10:59,37.53
T01914,04:56,61.41
T01915,22:52,118.93
T01916,22:00,71.83
T01917,02:16,57.21
T01918,10:53,19.96
T01919,11:21,49.05
T01920,04:46,43.09
T01921,13:45,77.09
T01922,16:16,11.62
T01923,10:59,69.04
T01924,04:49,28.95
T01925,19:13,26.13
T01926,13:12,56.45
T01927,17:30,63.88
T01928,05:32,62.86
T01929,16:30,65.15
T01930,07:53,78.07
T01931,16:54,39.11
T01932,09:20,31.56
T01933,23:31,92.1
T01934,03:58,16.27
T01935,11:34,12.56
T01936,12:33,55.83
T01937,09:30,20.83
T01938,14:53,14.76
T01939,02:41,42.1
T01940,22:16,53.53
T01941,00:08,14.79
T01942,23:08,5.34
T01943,05:30,35.52
T01944,11:05,21.71
T01945,15:08,38.51
T01946,07:55,68.04
T01947,07:15,41.97
T01948,09:01,26.49
T01949,00:19,70.37
T01950,22:24,83.94
T01951,22:41,68.76
T01952,05:52,49.77
T01953,22:52,13.79
T01954,15:03,22.27
T01955,13:13,31.07
T01956,22:16,53.88
T01957,10:42,47.97
T01958,08:34,70.57
T01959,04:34,37.17
T01960,20:04,30.13
T01961,07:27,55.96
T01962,22:21,20.12
T01963,17:20,61.56
T01964,13:01,14.73
T01965,12:35,52.21
T01966,20:53,34.92
T01967,09:35,44.24
T01968,09:45,49.53
T01969,01:19,44.44
T01970,05:05,44.54
T01971,04:55,50.77
T01972,17:15,32.88
T01973,21:00,17.65
T01974,07:53,17.06
T01975,11:02,64.08
T01976,14:46,12.61
T01977,20:36,28.25
T01978,22:20,29.21
T01979,04:24,5.41
T01980,18:13,75.78
T01981,04:59,18.98
T01982,10:49,45.74
T01983,23:21,14.75
T01984,05:10,24.92
T01985,11:36,40.22
T01986,10:13,45.68
T01987,21:30,31.86
T01988,05:16,27.17
T01989,05:10,59.56
T01990,20:19,40.47
T01991,18:39,0.0
T01992,07:45,31.76
T01993,12:09,64.54
T01994,16:22,74.47
T01995,20:49,79.35
T01996,12:11,60.48
T01997,15:26,18.07
T01998,08:20,78.17
T01999,01:14,15.98
T02000,08:37,50.65
T02001,06:12,8.15
T02002,19:54,23.52
T02003,15:41,45.72
T02004,13:18,29.88
T02005,01:00,68.33
T02006,11:01,36.64
T02007,20:10,92.56
T02008,22:05,69.5
T02009,01:46,13.35
T02010,15:20,28.99
T02011,16:59,25.53
T02012,03:24,109.45
T02013,20:49,46.23
T02014,14:45,20.57
T02015,09:58,29.04
T02016,10:08,29.8
T02017,17:08,11.1
T02018,20:58,30.64
T02019,17:12,65.45
T02020,19:56,59.46
T02021,04:31,6.68
T02022,14:54,53.26
T02023,19:42,45.33
T02024,14:32,27.2
T02025,23:35,54.8
T02026,06:21,36.89
T02027,02:54,47.36
T02028,20:43,20.29
T02029,00:07,103.37
T02030,16:46,7.13
T02031,18:16,52.24
T02032,06:33,35.54
T02033,22:25,30.62
T02034,04:47,36.11
T02035,14:06,47.41
T02036,16:13,115.47
T02037,04:20,23.57
T02038,00:56,17.78
T02039,14:32,1.21
T02040,00:38,0.0
T02041,07:39,62.75
T02042,15:12,46.38
T02043,21:02,84.81
T02044,17:46,29.91
T02045,19:09,77.75
T02046,06:29,80.08
T02047,11:15,13.8
T02048,02:29,47.02
T02049,19:46,27.1
T02050,01:44,38.11
T02051,06:45,62.89
T02052,22:21,37.13
T02053,19:52,62.25
T02054,15:37,50.84
T02055,01:43,38.03
T02056,13:18,81.58
T02057,03:22,34.71
T02058,18:25,81.07
T02059,04:34,27.52
T02060,08:59,38.51
T02061,17:11,58.86
T02062,19:07,4.03
T02063,00:21,41.61
T02064,17:02,76.46
T02065,23:22,64.95
T02066,10:40,24.72
T02067,19:29,7.67
T02068,19:19,48.54
T02069,20:54,23.61
T02070,06:49,53.61
T02071,23:01,43.65
T02072,03:11,10.96
T02073,04:03,16.57
T02074,19:59,33.38
T02075,11:22,60.47
T02076,20:48,35.22
T02077,07:19,35.73
T02078,03:06,47.78
T02079,17:36,16.97
T02080,21:27,6.99
T02081,00:00,24.31
T02082,05:26,14.5
T02083,12:08,69.03
T02084,16:18,27.14
T02085,04:40,10.46
T02086,15:22,25.17
T02087,15:16,26.23
T02088,02:07,14.17
T02089,19:34,48.65
T02090,18:12,38.66
T02091,19:18,35.89
T02092,11:23,19.55
T02093,01:28,67.54
T02094,18:29,36.3
T02095,19:27,3.39
T02096,04:28,33.3
T02097,11:29,44.83
T02098,14:08,63.9
T02099,12:03,35.86
T02100,16:49,30.54
T02101,12:53,63.22
T02102,07:13,15.8
T02103,16:14,13.9
T02104,05:05,53.83
T02105,00:24,29.4
T02106,10:38,29.95
T02107,16:56,13.88
T02108,00:09,67.46
T02109,23:42,47.12
T02110,00:34,15.46
T02111,20:12,17.13
T02112,15:41,45.49
T02113,17:44,55.65
T02114,09:51,50.27
T02115,10:05,25.45
T02116,06:50,38.14
T02117,18:13,53.43
T02118,03:51,34.74
T02119,08:25,18.62
T02120,17:49,17.74
T02121,17:58,36.83
T02122,08:36,27.99
T02123,09:40,4.7
T02124,03:46,87.2
T02125,18:17,49.55
T02126,01:15,45.24
T02127,03:29,5.26
T02128,13:43,18.76
T02129,21:00,63.28
T02130,23:07,23.53
T02131,12:08,49.62
T02132,07:26,41.78
T02133,17:43,38.28
T02134,04:33,28.3
T02135,04:16,47.63
T02136,21:15,30.62
T02137,07:27,13.29
T02138,20:57,101.03
T02139,06:12,28.46
T02140,11:00,31.07
T02141,02:45,15.58
T02142,15:48,19.24
T02143,11:55,17.32
T02144,16:56,50.72
T02145,22:50,0.0
T02146,18:31,50.51
T02147,10:06,32.05
T02148,19:04,38.03
T02149,08:02,27.03
T02150,12:15,11.47
T02151,23:08,31.69
T02152,14:04,28.72
T02153,22:54,39.94
T02154,21:57,53.39
T02155,19:24,31.19
T02156,19:01,23.6
T02157,17:55,49.92
T02158,09:38,13.85
T02159,04:07,24.71
T02160,13:02,42.99
T02161,21:08,5.69
T02162,06:05,69.89
T02163,20:58,7.11
T02164,04:48,6.9
T02165,18:21,63.19
T02166,19:23,55.11
T02167,22:18,22.88
T02168,19:15,25.17
T02169,14:54,69.13
T02170,18:31,31.82
T02171,13:01,7.35
T02172,09:55,52.55
T02173,01:28,28.17
T02174,12:14,67.27
T02175,01:04,49.02
T02176,20:06,101.94
T02177,23:57,93.61
T02178,14:32,58.39
T02179,05:36,6.17
T02180,18:41,77.6
T02181,13:54,45.74
T02182,21:21,13.99
T02183,02:54,13.37
T02184,00:45,49.73
T02185,13:08,0.75
T02186,21:23,32.15
T02187,15:32,35.86
T02188,14:25,46.29
T02189,17:11,44.33
T02190,15:21,57.95
T02191,05:50,23.89
T02192,20:23,112.72
T02193,22:47,15.21
T02194,17:42,6.16
T02195,01:58,22.83
T02196,13:01,114.46
T02197,22:36,31.06
T02198,23:54,21.8
T02199,16:58,53.27
T02200,03:42,87.05
T02201,00:37,55.24
T02202,22:12,32.28
T02203,18:53,34.17
T02204,11:37,63.23
T02205,15:45,73.96
T02206,00:14,53.85
T02207,09:46,28.94
T02208,00:27,88.17
T02209,10:14,28.94
T02210,02:14,34.27
T02211,05:45,9.83
T02212,10:40,49.47
T02213,00:49,31.88
T02214,04:32,0.0
T02215,08:16,0.0
T02216,08:58,41.03
T02217,00:10,63.85
T02218,19:54,67.22
T02219,14:52,29.39
T02220,22:47,32.45
T02221,17:17,22.11
T02222,02:51,42.34
T02223,05:06,13.42
T02224,14:38,49.99
T02225,21:42,14.57
T02226,05:49,36.77
T02227,11:44,41.19
T02228,04:01,58.5
T02229,12:45,15.25
T02230,00:51,63.89
T02231,13:49,66.92
T02232,16:01,45.95
T02233,13:00,0.0
T02234,14:52,28.67
T02235,17:01,18.64
T02236,18:03,23.5
T02237,14:38,59.17
T02238,09:41,80.14
T02239,04:06,50.48
T02240,13:40,71.43
T02241,08:16,30.5
T02242,06:55,22.03
T02243,23:06,55.59
T02244,01:32,49.43
T02245,03:11,71.94
T02246,18:02,116.39
T02247,11:54,40.63
T02248,08:26,14.19
T02249,19:13,8.94
T02250,23:11,74.37
T02251,20:58,51.83
T02252,03:32,38.76
T02253,13:47,65.11
T02254,06:09,12.55
T02255,05:51,35.05
T02256,22:51,52.23
T02257,15:46,47.18
T02258,14:25,41.03
T02259,10:27,11.17
T02260,03:28,71.83
T02261,12:41,20.04
T02262,09:16,65.55
T02263,16:16,17.96
T02264,13:05,54.59
T02265,03:49,40.19
T02266,14:26,73.17
T02267,04:53,55.28
T02268,08:06,0.0
T02269,03:13,37.06
T02270,15:02,61.37
T02271,20:57,17.08
T02272,22:42,78.73
T02273,23:15,54.72
T02274,02:00,88.07
T02275,15:59,29.38
T02276,00:03,14.63
T02277,07:14,14.34
T02278,16:13,66.37
T02279,12:08,47.48
T02280,13:15,72.66
T02281,03:01,38.61
T02282,10:43,38.0
T02283,10:11,30.8
T02284,17:45,43.57
T02285,07:17,58.85
T02286,04:47,67.98
T02287,15:51,46.52
T02288,23:35,23.03
T02289,07:08,67.17
T02290,08:20,49.07
T02291,19:07,86.62
T02292,18:29,36.33
T02293,01:21,0.14
T02294,23:35,33.37
T02295,08:07,76.19
T02296,17:14,45.84
T02297,17:09,0.0
T02298,08:00,1.83
T02299,23:46,37.04
T02300,01:21,51.73
T02301,08:33,49.24
T02302,00:47,36.38
T02303,10:32,40.55
T02304,20:12,62.56
T02305,04:07,60.34
T02306,19:39,25.05
T02307,07:50,83.12
T02308,00:18,35.58
T02309,04:51,68.35
T02310,04:45,25.66
T02311,02:38,61.96
T02312,02:18,11.43
T02313,13:29,19.52
T02314,17:31,21.45
T02315,18:38,36.35
T02316,21:55,76.63
T02317,05:38,37.58
T02318,00:28,28.2
T02319,23:45,64.71
T02320,14:48,64.52
T02321,04:27,14.5
T02322,09:11,38.31
T02323,07:46,35.61
T02324,02:04,26.95
T02325,16:16,37.14
T02326,10:36,74.09
T02327,17:43,28.4
T02328,16:52,46.48
T02329,18:05,33.49
T02330,21:06,24.79
T02331,01:19,7.04
T02332,06:22,99.7
T02333,06:34,84.85
T02334,02:28,47.5
T02335,07:15,48.3
T02336,20:29,38.13
T02337,04:59,72.03
T02338,05:24,14.63
T02339,16:41,34.51
T02340,00:07,39.57
T02341,11:09,43.29
T02342,22:31,34.38
T02343,03:28,8.3
T02344,08:21,34.58
T02345,07:14,50.52
T02346,16:44,67.21
T02347,13:50,41.84
T02348,14:43,32.1
T02349,05:04,35.28
T02350,20:31,9.2
T02351,10:24,16.36
T02352,19:05,62.82
T02353,04:34,40.5
T02354,14:24,74.48
T02355,11:03,85.11
T02356,22:01,82.69
T02357,18:16,22.81
T02358,14:38,44.64
T02359,07:41,64.96
T02360,14:37,20.09
T02361,13:50,3.47
T02362,11:43,76.88
T02363,19:12,63.05
T02364,13:43,41.41
T02365,00:11,22.17
T02366,14:06,33.07
T02367,23:25,33.59
T02368,16:07,52.11
T02369,01:15,31.75
T02370,07:46,98.43
T02371,07:58,17.15
T02372,16:35,53.05
T02373,23:34,65.96
T02374,19:05,64.95
T02375,05:35,40.54
T02376,06:44,54.01
T02377,15:52,67.18
T02378,20:41,37.46
T02379,10:49,16.44
T02380,14:02,14.22
T02381,20:12,38.78
T02382,07:19,29.83
T02383,20:17,21.88
T02384,03:28,116.71
T02385,01:53,46.07
T02386,15:52,73.25
T02387,11:47,36.47
T02388,22:55,51.35
T02389,06:08,0.0
T02390,17:50,43.1
T02391,00:39,51.01
T02392,22:55,42.46
T02393,08:23,63.22
T02394,17:18,35.46
T02395,01:48,44.92
T02396,15:30,59.62
T02397,05:26,116.42
T02398,23:16,84.27
T02399,15:37,58.48
T02400,22:10,26.4
T02401,14:57,52.41
T02402,06:28,70.93
T02403,05:17,0.49
T02404,04:54,23.75
T02405,08:01,88.9
T02406,10:57,91.06
T02407,05:30,60.3
T02408,16:03,76.73
T02409,09:35,23.94
T02410,08:23,30.12
T02411,11:56,90.69
T02412,22:17,96.28
T02413,19:36,54.11
T02414,18:09,41.93
T02415,18:30,22.66
T02416,08:40,26.7
T02417,10:15,26.76
T02418,11:52,34.19
T02419,20:20,21.75
T02420,17:39,21.95
T02421,23:12,28.85
T02422,04:34,24.26
T02423,01:52,32.23
T02424,15:21,65.38
T02425,07:34,59.29
T02426,21:50,30.21
T02427,11:39,11.91
T02428,18:00,41.12
T02429,14:11,72.88
T02430,04:57,28.06
T02431,01:20,33.08
T02432,11:57,76.28
T02433,16:48,51.37
T02434,18:50,8.42
T02435,18:59,13.12
T02436,23:14,67.75
T02437,02:11,63.28
T02438,03:27,8.72
T02439,20:04,11.72
T02440,12:06,61.1
T02441,21:15,94.52
T02442,17:04,50.3
T02443,00:31,26.26
T02444,15:07,24.19
T02445,16:58,33.34
T02446,10:57,19.88
T02447,03:27,89.87
T02448,13:42,93.02
T02449,13:36,13.46
T02450,01:24,66.27
T02451,10:45,77.77
T02452,07:38,52.03
T02453,14:27,36.54
T02454,06:45,54.87
T02455,00:17,20.75
T02456,18:51,13.46
T02457,07:00,41.09
T02458,17:10,49.23
T02459,12:41,36.04
T02460,21:30,32.64
T02461,06:32,57.93
T02462,19:28,40.89
T02463,06:36,43.94
T02464,18:20,49.53
T02465,11:10,77.03
T02466,17:02,87.17
T02467,07:39,38.53
T02468,08:48,29.23
T02469,20:44,14.72
T02470,22:48,51.49
T02471,06:26,55.33
T02472,07:23,22.04
T02473,08:31,0.04
T02474,23:44,21.13
T02475,18:50,23.29
T02476,22:49,79.95
T02477,03:56,33.22
T02478,18:01,0.0
T02479,18:18,15.63
T02480,16:19,83.38
T02481,11:14,4.29
T02482,12:32,66.65
T02483,01:52,34.45
T02484,21:17,18.47
T02485,07:38,49.96
T02486,04:02,24.2
T02487,11:07,12.16
T02488,22:39,48.98
T02489,22:52,68.02
T02490,04:19,45.28
T02491,04:11,11.64
T02492,10:04,41.86
T02493,11:52,54.57
T02494,06:36,27.74
T02495,07:25,35.89
T02496,23:22,29.91
T02497,19:09,84.44
T02498,05:02,96.56
T02499,04:03,11.24
T02500,15:48,26.8
T02501,11:29,21.29
T02502,18:01,73.19
T02503,22:53,34.61
T02504,03:49,35.0
T02505,22:45,36.62
T02506,09:45,37.15
T02507,04:08,101.52
T02508,03:36,32.94
T02509,16:13,25.4
T02510,06:29,23.17
T02511,21:56,24.59
T02512,15:28,21.74
T02513,02:52,33.76
T02514,04:02,12.89
T02515,06:46,9.28
T02516,21:42,20.13
T02517,05:32,38.6
T02518,19:19,57.96
T02519,18:01,72.94
T02520,08:11,39.27
T02521,04:14,22.46
T02522,00:35,2.82
T02523,06:36,18.74
T02524,17:55,55.95
T02525,07:42,44.39
T02526,23:10,40.47
T02527,18:21,10.15
T02528,03:24,13.39
T02529,13:41,28.03
T02530,13:09,2.7
T02531,15:27,80.17
T02532,15:56,8.58
T02533,10:33,58.76
T02534,02:39,19.75
T02535,12:47,29.51
T02536,00:16,57.52
T02537,15:21,67.24
T02538,10:51,57.43
T02539,03:49,52.6
T02540,12:00,49.54
T02541,15:59,16.7
T02542,15:11,38.38
T02543,02:28,21.32
T02544,13:33,49.21
T02545,00:39,40.14
T02546,12:04,52.81
T02547,20:50,56.52
T02548,08:50,57.38
T02549,16:07,50.84
T02550,19:04,27.3
T02551,21:21,56.15
T02552,22:06,28.79
T02553,16:28,11.75
T02554,14:25,19.52
T02555,15:53,22.08
T02556,04:58,57.07
T02557,02:19,26.31
T02558,21:01,0.47
T02559,20:12,29.93
T02560,09:59,20.75
T02561,03:48,66.91
T02562,16:33,43.92
T02563,10:25,43.79
T02564,17:43,87.25
T02565,17:59,25.45
T02566,01:28,1.22
T02567,15:22,62.44
T02568,14:20,18.33
T02569,18:17,35.88
T02570,05:57,26.11
T02571,09:45,0.0
T02572,04:20,44.93
T02573,22:18,43.09
T02574,18:57,27.76
T02575,05:36,4.51
T02576,09:07,36.86
T02577,20:32,49.65
T02578,09:26,6.05
T02579,18:50,48.98
T02580,12:47,85.06
T02581,01:30,42.72
T02582,12:31,25.94
T02583,12:12,46.29
T02584,21:39,24.65
T02585,21:23,64.72
T02586,22:24,20.63
T02587,10:32,22.19
T02588,11:23,81.69
T02589,14:25,49.43
T02590,08:39,38.96
T02591,19:09,68.29
T02592,18:26,2.88
T02593,04:44,53.99
T02594,23:30,47.5
T02595,16:03,31.18
T02596,06:03,24.53
T02597,14:43,91.91
T02598,04:40,107.71
T02599,09:38,22.88
T02600,18:25,0.0
T02601,23:35,30.46
T02602,19:34,88.36
T02603,09:06,62.42
T02604,17:03,33.4
T02605,12:37,47.46
T02606,10:32,60.23
T02607,21:49,15.14
T02608,14:41,76.76
T02609,17:43,74.31
T02610,17:45,34.51
T02611,22:55,22.54
T02612,16:25,72.79
T02613,23:51,22.5
T02614,18:34,43.08
T02615,14:37,38.69
T02616,20:40,37.24
T02617,12:05,36.76
T02618,05:53,66.37
T02619,10:22,28.1
T02620,11:30,35.72
T02621,07:25,31.98
T02622,10:30,49.97
T02623,22:58,80.97
T02624,07:47,40.56
T02625,00:22,7.32
T02626,15:46,11.27
T02627,21:31,34.75
T02628,06:34,77.01
T02629,08:51,1.32
T02630,17:38,27.75
T02631,02:24,38.26
T02632,00:37,34.1
T02633,19:59,40.23
T02634,13:01,79.12
T02635,13:44,51.74
T02636,05:07,52.14
T02637,23:34,2.5
T02638,22:19,26.91
T02639,16:46,30.41
T02640,07:44,6.43
T02641,10:55,34.31
T02642,13:34,43.49
T02643,08:50,51.69
T02644,04:21,15.05
T02645,08:49,21.73
T02646,18:49,46.7
T02647,12:09,25.41
T02648,17:59,32.88
T02649,07:27,10.12
T02650,15:55,10.8
T02651,09:58,57.06
T02652,02:45,52.71
T02653,03:40,116.37
T02654,09:07,32.7
T02655,21:27,43.29
T02656,22:00,53.75
T02657,08:34,40.03
T02658,01:43,45.6
T02659,10:01,56.83
T02660,07:07,12.32
T02661,21:29,69.98
T02662,01:56,39.65
T02663,16:11,41.36
T02664,11:16,31.85
T02665,04:40,48.67
T02666,08:32,0.0
T02667,14:37,59.61
T02668,18:27,40.86
T02669,22:20,19.43
T02670,21:30,79.62
T02671,20:14,6.81
T02672,07:42,62.35
T02673,18:05,0.0
T02674,08:40,67.15
T02675,21:58,70.63
T02676,20:05,22.71
T02677,11:45,77.7
T02678,00:11,63.77
T02679,22:00,23.32
T02680,09:41,29.37
T02681,12:45,94.28
T02682,18:25,11.22
T02683,18:21,40.62
T02684,08:08,10.65
T02685,06:56,40.23
T02686,05:28,25.83
T02687,14:01,23.55
T02688,03:20,57.25
T02689,03:42,42.63
T02690,14:26,37.23
T02691,22:00,29.87
T02692,22:41,28.8
T02693,09:00,42.97
T02694,12:44,36.57
T02695,06:53,15.43
T02696,11:18,92.78
T02697,14:33,82.16
T02698,04:57,56.94
T02699,08:57,78.94
T02700,13:04,87.07
T02701,14:35,30.85
T02702,05:26,31.32
T02703,13:54,71.87
T02704,13:11,26.1
T02705,20:01,45.8
T02706,17:03,0.1
T02707,07:58,28.38
T02708,22:36,45.92
T02709,00:14,23.55
T02710,09:12,40.68
T02711,10:45,80.89
T02712,06:39,102.5
T02713,18:21,10.71
T02714,16:46,15.1
T02715,04:34,29.59
T02716,16:27,0.76
T02717,03:31,11.4
T02718,16:12,17.85
T02719,12:40,41.82
T02720,08:49,10.66
T02721,10:35,8.02
T02722,00:03,32.27
T02723,22:02,22.82
T02724,06:54,45.6
T02725,05:33,31.38
T02726,06:37,52.99
T02727,04:26,29.8
T02728,15:31,69.15
T02729,15:43,14.56
T02730,00:52,57.26
T02731,11:20,15.53
T02732,09:54,43.27
T02733,16:52,0.0
T02734,22:39,62.79
T02735,01:43,70.08
T02736,14:03,5.0
T02737,16:10,27.55
T02738,01:30,72.7
T02739,03:51,26.57
T02740,04:12,19.66
T02741,00:47,42.96
T02742,23:10,28.04
T02743,20:41,24.58
T02744,00:24,3.82
T02745,20:13,45.8
T02746,01:30,92.59
T02747,07:23,28.73
T02748,20:57,39.68
T02749,02:12,25.83
T02750,19:55,31.73
T02751,08:24,13.67
T02752,12:15,10.9
T02753,06:54,44.97
T02754,13:34,76.81
T02755,20:56,47.15
T02756,16:42,51.42
T02757,11:29,92.74
T02758,06:00,98.54
T02759,12:23,51.44
T02760,15:16,20.87
T02761,09:00,24.92
T02762,03:38,50.63
T02763,12:16,37.1
T02764,21:35,68.57
T02765,16:43,22.66
T02766,08:25,44.36
T02767,05:36,37.76
T02768,21:12,31.2
T02769,10:53,84.18
T02770,16:32,73.51
T02771,22:56,59.8
T02772,08:13,40.58
T02773,18:57,54.81
T02774,02:17,45.67
T02775,13:51,25.91
T02776,22:46,60.83
T02777,09:49,87.9
T02778,03:20,31.7
T02779,04:33,46.14
T02780,06:19,29.66
T02781,12:08,6.8
T02782,22:44,25.85
T02783,00:20,51.06
T02784,19:59,8.12
T02785,06:07,54.86
T02786,00:01,23.76
T02787,22:08,62.06
T02788,00:25,25.26
T02789,01:57,107.77
T02790,15:17,33.21
T02791,22:48,61.55
T02792,15:53,34.9
T02793,20:33,70.48
T02794,23:01,18.52
T02795,09:24,19.42
T02796,00:12,0.0
T02797,01:28,44.07
T02798,00:53,40.01
T02799,05:44,63.78
T02800,21:40,46.53
T02801,02:58,39.59
T02802,15:50,23.06
T02803,06:42,45.33
T02804,23:19,51.36
T02805,01:35,40.09
T02806,07:34,22.19
T02807,12:24,21.84
T02808,04:38,58.54
T02809,14:13,19.65
T02810,20:14,96.42
T02811,09:41,39.71
T02812,15:44,12.49
T02813,20:27,28.97
T02814,16:08,54.36
T02815,16:29,28.19
T02816,10:53,18.97
T02817,21:13,47.96
T02818,17:03,84.42
T02819,15:17,33.54
T02820,06:33,75.23
T02821,15:52,30.97
T02822,16:29,15.67
T02823,11:54,56.78
T02824,23:24,42.03
T02825,11:06,80.01
T02826,14:46,53.41
T02827,00:37,74.04
T02828,06:45,66.19
T02829,23:59,72.17
T02830,15:53,45.89
T02831,06:12,34.62
T02832,14:12,41.07
T02833,07:24,49.27
T02834,12:35,39.7
T02835,22:28,78.44
T02836,16:23,21.55
T02837,13:45,38.62
T02838,04:13,38.57
T02839,08:51,30.45
T02840,02:33,44.64
T02841,06:14,80.21
T02842,17:19,41.02
T02843,23:02,59.98
T02844,14:53,0.0
T02845,20:02,23.44
T02846,17:37,35.11
T02847,06:02,22.93
T02848,08:10,72.83
T02849,00:15,57.3
T02850,17:31,60.22
T02851,04:10,61.21
T02852,11:01,9.13
T02853,07:02,34.69
T02854,00:43,28.69
T02855,09:53,21.88
T02856,09:03,40.55
T02857,14:12,49.22
T02858,07:34,25.53
T02859,07:48,40.84
T02860,14:21,24.54
T02861,18:12,82.18
T02862,00:28,0.0
T02863,01:23,38.25
T02864,03:06,45.53
T02865,05:41,14.96
T02866,03:00,78.36
T02867,19:18,75.97
T02868,23:08,72.91
T02869,14:18,53.27
T02870,18:29,34.45
T02871,00:53,93.94
T02872,09:44,47.97
T02873,06:12,88.21
T02874,20:47,34.27
T02875,20:10,29.42
T02876,13:25,89.54
T02877,07:25,29.28
T02878,02:11,37.29
T02879,00:34,48.94
T02880,16:57,23.25
T02881,03:16,44.3
T02882,17:15,54.68
T02883,00:36,35.18
T02884,09:29,74.11
T02885,13:47,15.31
T02886,02:28,35.72
T02887,21:07,35.5
T02888,02:13,25.47
T02889,15:34,75.87
T02890,00:36,7.94
T02891,00:16,39.09
T02892,21:21,39.41
T02893,20:43,89.19
T02894,11:33,111.68
T02895,21:44,36.5
T02896,17:22,35.86
T02897,11:47,74.34
T02898,12:13,44.69
T02899,23:41,74.49
T02900,02:43,40.54
T02901,15:45,32.48
T02902,12:45,62.33
T02903,19:43,68.5
T02904,13:21,26.82
T02905,16:30,50.4
T02906,23:30,31.42
T02907,14:39,47.16
T02908,17:07,59.28
T02909,15:09,61.38
T02910,16:34,27.9
T02911,14:48,18.88
T02912,06:38,63.05
T02913,20:09,15.45
T02914,03:51,28.82
T02915,02:38,65.71
T02916,11:32,13.12
T02917,10:15,44.16
T02918,05:12,63.07
T02919,02:35,36.51
T02920,07:37,86.75
T02921,01:11,64.9
T02922,03:30,35.3
T02923,16:18,42.65
T02924,15:53,56.19
T02925,13:46,76.59
T02926,20:10,62.08
T02927,21:36,67.8
T02928,14:53,44.64
T02929,03:55,64.86
T02930,20:06,40.97
T02931,12:28,7.74
T02932,22:23,27.06
T02933,09:10,29.67
T02934,06:10,25.3
T02935,21:51,61.75
T02936,17:41,0.0
T02937,17:38,33.46
T02938,17:45,9.71
T02939,16:57,45.88
T02940,00:41,34.78
T02941,06:03,62.29
T02942,07:32,77.74
T02943,18:50,22.75
T02944,17:48,10.83
T02945,19:06,64.28
T02946,01:02,41.66
T02947,13:51,50.89
T02948,12:28,12.85
T02949,04:04,30.61
T02950,05:17,66.76
T02951,02:42,33.13
T02952,22:06,56.92
T02953,10:44,33.45
T02954,02:48,89.83
T02955,10:42,33.7
T02956,09:06,42.94
T02957,06:46,31.46
T02958,08:27,56.38
T02959,16:44,20.9
T02960,02:01,41.02
T02961,14:26,82.68
T02962,14:45,65.12
T02963,09:29,54.56
T02964,03:50,35.75
T02965,05:14,55.11
T02966,15:02,57.94
T02967,07:03,13.37
T02968,18:25,75.29
T02969,14:43,45.07
T02970,01:05,5.1
T02971,20:16,58.74
T02972,00:16,13.74
T02973,19:54,38.21
T02974,12:41,48.95
T02975,19:58,65.73
T02976,02:08,58.17
T02977,18:56,52.68
T02978,13:11,27.53
T02979,05:25,39.35
T02980,14:15,62.76
T02981,11:48,52.1
T02982,20:49,33.99
T02983,09:16,61.69
T02984,11:29,76.91
T02985,10:22,21.88
T02986,22:01,62.23
T02987,15:51,51.67
T02988,05:45,19.69
T02989,23:26,55.21
T02990,03:58,68.86
T02991,02:49,15.04
T02992,22:35,67.13
T02993,12:04,12.17
T02994,20:36,74.16
T02995,22:27,27.92
T02996,12:33,34.61
T02997,00:50,36.04
T02998,09:34,51.25
T02999,06:30,25.62
T03000,11:10,79.77
T03001,08:04,33.42
T03002,09:18,47.73
T03003,19:27,14.35
T03004,20:32,7.16
T03005,09:07,31.34
T03006,05:35,0.59
T03007,01:00,84.24
T03008,19:41,5.75
T03009,19:08,60.67
T03010,05:05,49.79
T03011,08:27,31.29
T03012,09:20,68.51
T03013,23:07,24.07
T03014,09:34,51.77
T03015,01:07,40.85
T03016,20:12,9.56
T03017,13:30,13.1
T03018,17:21,52.59
T03019,17:22,34.51
T03020,08:41,98.48
T03021,19:00,92.9
T03022,12:57,45.63
T03023,19:02,11.48
T03024,07:56,12.53
T03025,07:22,10.65
T03026,09:48,44.05
T03027,04:24,83.79
T03028,01:42,65.32
T03029,09:11,56.18
T03030,07:30,9.44
T03031,11:04,31.76
T03032,20:09,30.34
T03033,04:35,55.4
T03034,03:32,27.81
T03035,13:18,58.19
T03036,04:13,10.83
T03037,10:09,30.3
T03038,02:37,31.41
T03039,17:36,33.75
T03040,13:08,43.73
T03041,13:27,13.7
T03042,21:39,0.0
T03043,12:49,20.14
T03044,20:09,63.59
T03045,22:19,29.79
T03046,17:03,42.1
T03047,04:08,62.84
T03048,23:05,61.47
T03049,08:05,68.37
T03050,21:01,29.14
T03051,14:35,65.95
T03052,14:55,44.39
T03053,02:32,89.22
T03054,19:16,49.87
T03055,12:02,43.07
T03056,05:01,52.36
T03057,19:44,23.89
T03058,02:06,93.42
T03059,21:09,0.0
T03060,17:48,56.56
T03061,02:18,51.51
T03062,06:45,5.66
T03063,03:32,71.4
T03064,16:19,35.5
T03065,20:42,58.83
T03066,19:03,27.55
T03067,10:05,39.04
T03068,03:44,15.87
T03069,08:59,61.61
T03070,07:55,11.02
T03071,19:33,20.1
T03072,00:44,55.12
T03073,23:59,35.85
T03074,06:25,33.59
T03075,00:22,18.18
T03076,17:17,10.94
T03077,15:11,59.8
T03078,11:34,32.0
T03079,07:11,53.57
T03080,09:25,39.67
T03081,18:37,82.9
T03082,00:44,33.84
T03083,01:21,28.12
T03084,12:49,8.01
T03085,07:04,45.11
T03086,12:16,25.59
T03087,06:36,63.51
T03088,22:44,40.8
T03089,04:59,9.2
T03090,18:28,64.3
T03091,11:12,34.86
T03092,08:18,20.29
T03093,19:37,0.0
T03094,17:47,29.01
T03095,07:57,54.63
T03096,09:10,15.9
T03097,17:02,25.31
T03098,00:25,80.8
T03099,21:42,3.87
T03100,17:50,86.9
T03101,16:56,33.68
T03102,14:33,22.1
T03103,13:25,112.01
T03104,23:37,66.62
T03105,18:55,30.92
T03106,18:41,0.0
T03107,08:22,25.69
T03108,08:16,51.45
T03109,15:10,74.59
T03110,06:16,17.19
T03111,18:00,55.57
T03112,02:50,32.41
T03113,12:12,58.25
T03114,15:16,44.77
T03115,14:19,51.06
T03116,14:05,42.28
T03117,08:49,25.53
T03118,15:17,63.61
T03119,02:43,21.35
T03120,17:15,43.05
T03121,03:12,22.3
T03122,03:20,13.83
T03123,01:40,6.74
T03124,07:30,47.42
T03125,09:58,11.16
T03126,08:54,42.52
T03127,05:32,38.98
T03128,18:13,15.15
T03129,09:57,39.17
T03130,13:15,50.6
T03131,20:40,40.75
T03132,17:32,44.58
T03133,12:14,0.0
T03134,00:18,65.72
T03135,17:14,37.34
T03136,15:48,62.79
T03137,02:44,24.12
T03138,23:23,57.09
T03139,16:10,76.7
T03140,11:56,48.76
T03141,06:07,108.13
T03142,17:02,71.9
T03143,12:11,50.09
T03144,14:17,34.64
T03145,22:56,22.45
T03146,18:08,7.34
T03147,02:32,33.55
T03148,11:31,55.6
T03149,20:31,33.25
T03150,12:40,16.02
T03151,04:07,93.01
T03152,15:20,14.71
T03153,15:25,45.83
T03154,06:37,91.78
T03155,05:33,31.34
T03156,15:23,22.36
T03157,03:40,42.69
T03158,07:26,72.96
T03159,17:14,70.34
T03160,11:43,10.36
T03161,12:01,66.08
T03162,05:26,19.32
T03163,14:19,49.95
T03164,13:21,24.41
T03165,07:01,42.25
T03166,23:31,49.04
T03167,20:14,38.44
T03168,08:24,112.49
T03169,14:54,37.5
T03170,04:38,10.61
T03171,13:43,65.44
T03172,11:21,23.55
T03173,14:57,28.22
T03174,23:39,34.26
T03175,16:04,102.39
T03176,00:08,78.58
T03177,20:15,23.57
T03178,08:13,62.71
T03179,14:11,42.72
T03180,06:06,22.14
T03181,13:09,25.52
T03182,06:34,77.76
T03183,10:06,24.13
T03184,00:26,40.68
T03185,14:15,27.02
T03186,11:32,28.64
T03187,11:43,77.63
T03188,09:07,54.71
T03189,14:24,23.01
T03190,23:31,48.61
T03191,12:52,31.97
T03192,07:28,63.09
T03193,09:32,85.98
T03194,11:47,65.35
T03195,15:35,6.8
T03196,17:44,2.03
T03197,14:32,24.94
T03198,08:56,3.6
T03199,00:38,0.0
T03200,09:20,13.45
T03201,12:28,18.57
T03202,01:06,23.3
T03203,15:28,66.93
T03204,22:51,49.85
T03205,08:11,103.99
T03206,21:50,59.14
T03207,22:40,55.84
T03208,13:15,31.29
T03209,01:39,1.23
T03210,13:54,65.63
T03211,13:09,71.13
T03212,02:30,29.38
T03213,00:21,0.0
T03214,21:10,6.61
T03215,21:38,28.39
T03216,01:30,4.22
T03217,11:16,56.67
T03218,06:39,0.0
T03219,13:01,34.16
T03220,06:20,14.17
T03221,06:00,60.51
T03222,10:29,29.35
T03223,14:49,35.91
T03224,09:10,29.83
T03225,01:41,37.1
T03226,10:07,18.3
T03227,04:16,31.35
T03228,18:21,11.38
T03229,20:25,65.34
T03230,14:07,84.81
T03231,11:06,55.94
T03232,00:14,114.84
T03233,02:26,5.91
T03234,18:39,11.71
T03235,20:56,9.16
T03236,19:27,42.0
T03237,01:54,75.82
T03238,08:25,38.38
T03239,08:14,35.64
T03240,05:01,38.57
T03241,06:40,31.07
T03242,20:44,42.38
T03243,20:23,55.55
T03244,04:37,20.86
T03245,02:36,63.35
T03246,09:48,0.0
T03247,00:26,65.96
T03248,07:48,74.82
T03249,09:11,80.31
T03250,00:28,74.0
T03251,14:19,106.47
T03252,15:15,35.96
T03253,16:24,80.62
T03254,20:26,17.45
T03255,03:40,89.71
T03256,07:43,88.31
T03257,14:50,64.32
T03258,06:28,42.17
T03259,15:07,116.34
T03260,10:31,73.41
T03261,20:43,31.89
T03262,15:30,25.27
T03263,12:42,32.57
T03264,14:14,42.76
T03265,14:01,13.9
T03266,15:44,43.92
T03267,03:04,16.85
T03268,18:19,70.03
T03269,05:31,15.92
T03270,10:27,58.31
T03271,18:20,42.24
T03272,11:05,57.32
T03273,07:29,80.18
T03274,01:43,48.77
T03275,00:09,46.33
T03276,14:36,71.23
T03277,12:51,20.22
T03278,18:42,38.63
T03279,04:15,51.49
T03280,07:39,51.06
T03281,00:20,58.71
T03282,16:43,63.88
T03283,23:39,96.08
T03284,14:30,43.44
T03285,16:25,83.6
T03286,22:46,3.32
T03287,21:41,0.0
T03288,21:13,104.92
T03289,08:54,39.06
T03290,21:53,0.0
T03291,04:26,37.89
T03292,00:05,67.1
T03293,22:39,2.49
T03294,07:36,40.09
T03295,14:21,65.03
T03296,18:24,110.94
T03297,18:40,21.75
T03298,00:05,10.13
T03299,20:58,22.5
T03300,04:41,24.89
T03301,00:42,77.92
T03302,00:47,37.27
T03303,03:27,23.84
T03304,17:44,78.74
T03305,23:27,0.0
T03306,12:33,82.77
T03307,07:01,30.69
T03308,04:33,65.79
T03309,07:01,50.64
T03310,23:24,13.34
T03311,14:19,51.13
T03312,04:54,59.14
T03313,02:49,31.65
T03314,03:26,9.96
T03315,01:52,75.33
T03316,15:56,13.2
T03317,01:45,28.34
T03318,19:18,28.41
T03319,06:34,1.4
T03320,19:55,22.2
T03321,16:24,36.71
T03322,14:13,52.32
T03323,11:16,56.64
T03324,21:52,27.71
T03325,01:38,16.02
T03326,03:57,57.08
T03327,23:20,55.73
T03328,04:34,33.44
T03329,17:26,69.8
T03330,07:23,0.0
T03331,21:59,17.43
T03332,14:12,30.74
T03333,21:20,28.69
T03334,20:35,12.32
T03335,00:05,45.69
T03336,08:35,57.61
T03337,00:12,33.22
T03338,14:54,55.13
T03339,23:34,37.1
T03340,13:14,56.45
T03341,22:53,44.56
T03342,22:50,18.18
T03343,16:46,56.98
T03344,22:18,43.57
T03345,14:24,17.92
T03346,18:07,52.86
T03347,06:53,65.02
T03348,02:52,46.11
T03349,01:28,78.59
T03350,08:58,44.02
T03351,22:08,38.34
T03352,21:55,47.07
T03353,00:04,33.2
T03354,22:44,23.42
T03355,19:51,47.95
T03356,13:35,37.6
T03357,00:39,53.04
T03358,21:53,63.08
T03359,14:21,30.2
T03360,08:35,28.84
T03361,03:32,27.07
T03362,20:05,66.42
T03363,04:09,33.25
T03364,10:47,23.95
T03365,00:33,14.69
T03366,17:52,40.19
T03367,11:08,19.72
T03368,22:30,31.97
T03369,22:25,47.27
T03370,04:08,43.18
T03371,14:56,36.34
T03372,11:08,75.01
T03373,21:33,4.64
T03374,10:23,74.98
T03375,23:00,58.15
T03376,10:33,61.93
T03377,10:02,68.78
T03378,15:44,4.2
T03379,10:05,20.35
T03380,11:17,68.29
T03381,01:09,70.25
T03382,23:24,21.09
T03383,16:12,26.62
T03384,22:59,61.21
T03385,17:47,22.19
T03386,22:23,53.23
T03387,12:26,1.59
T03388,00:06,48.77
T03389,07:17,33.97
T03390,03:23,15.31
T03391,19:32,37.85
T03392,22:58,39.17
T03393,06:42,66.36
T03394,23:10,40.25
T03395,07:44,91.56
T03396,00:56,75.9
T03397,00:18,24.85
T03398,22:23,33.63
T03399,14:11,28.95
T03400,04:30,68.4
T03401,02:14,67.08
T03402,10:50,13.02
T03403,21:39,53.02
T03404,01:51,44.74
T03405,16:09,50.15
T03406,06:00,19.91
T03407,23:19,29.75
T03408,03:46,57.33
T03409,20:48,24.38
T03410,20:56,28.67
T03411,03:54,47.13
T03412,16:25,44.83
T03413,08:11,70.34
T03414,18:45,15.91
T03415,00:19,73.0
T03416,12:55,25.2
T03417,14:13,54.73
T03418,03:50,30.83
T03419,17:44,33.28
T03420,22:36,35.84
T03421,18:47,57.76
T03422,04:20,107.87
T03423,23:44,52.85
T03424,06:51,9.14
T03425,19:44,0.0
T03426,17:53,25.02
T03427,01:50,42.13
T03428,20:41,31.94
T03429,09:07,13.66
T03430,03:54,22.72
T03431,17:42,32.18
T03432,00:54,39.2
T03433,17:29,32.45
T03434,18:00,32.51
T03435,16:34,50.26
T03436,12:16,38.81
T03437,07:09,25.67
T03438,01:35,20.51
T03439,04:48,29.1
T03440,19:47,12.32
T03441,12:13,56.02
T03442,19:46,19.44
T03443,09:02,46.56
T03444,05:50,25.98
T03445,09:45,62.5
T03446,04:35,1.71
T03447,21:09,23.36
T03448,23:06,25.58
T03449,12:33,57.93
T03450,16:57,19.95
T03451,05:49,89.18
T03452,01:02,24.76
T03453,08:56,49.14
T03454,22:53,78.02
T03455,11:04,24.74
T03456,12:16,87.42
T03457,08:34,77.14
T03458,13:31,77.21
T03459,04:18,67.76
T03460,10:16,39.71
T03461,17:21,59.79
T03462,10:36,61.56
T03463,05:02,65.31
T03464,11:26,38.04
T03465,12:48,57.49
T03466,18:05,30.45
T03467,14:14,104.68
T03468,08:53,53.48
T03469,22:54,45.17
T03470,05:25,61.16
T03471,08:45,42.81
T03472,12:35,50.84
T03473,20:52,86.86
T03474,06:43,75.09
T03475,15:03,31.75
T03476,14:26,53.17
T03477,08:08,49.24
T03478,02:54,35.88
T03479,11:48,54.77
T03480,02:41,37.97
T03481,02:39,29.64
T03482,03:04,17.11
T03483,16:11,20.47
T03484,22:00,28.25
T03485,15:55,24.4
T03486,23:50,114.32
T03487,04:02,37.23
T03488,07:42,44.4
T03489,00:31,124.68
T03490,23:45,23.11
T03491,22:32,34.16
T03492,19:55,53.67
T03493,06:50,67.69
T03494,05:28,24.6
T03495,05:00,28.92
T03496,14:07,36.32
T03497,12:00,53.46
T03498,09:13,80.59
T03499,03:53,35.36
T03500,09:35,19.16
T03501,00:23,43.62
T03502,08:06,67.52
T03503,16:56,4.78
T03504,20:20,26.65
T03505,12:18,78.72
T03506,11:02,43.54
T03507,01:35,73.78
T03508,12:56,34.71
T03509,14:04,33.8
T03510,17:08,36.22
T03511,05:42,104.54
T03512,06:11,82.41
T03513,08:09,39.13
T03514,10:26,63.27
T03515,18:42,51.02
T03516,15:45,63.1
T03517,04:56,34.51
T03518,01:09,47.58
T03519,03:57,45.46
T03520,05:02,37.29
T03521,11:35,38.48
T03522,21:12,0.0
T03523,08:53,46.17
T03524,18:35,64.9
T03525,04:36,16.71
T03526,01:34,95.62
T03527,12:35,27.23
T03528,00:26,18.28
T03529,17:19,79.5
T03530,02:00,17.24
T03531,20:23,36.46
T03532,15:31,13.03
T03533,02:51,3.37
T03534,19:41,32.86
T03535,06:13,58.58
T03536,04:21,26.56
T03537,08:02,20.54
T03538,15:57,12.17
T03539,01:07,95.66
T03540,07:54,60.46
T03541,21:10,61.49
T03542,04:29,4.18
T03543,07:28,29.48
T03544,01:28,49.32
T03545,02:11,47.95
T03546,11:06,82.29
T03547,08:09,48.58
T03548,02:34,62.18
T03549,01:29,10.37
T03550,12:36,79.44
T03551,13:36,21.29
T03552,05:28,26.13
T03553,21:54,7.92
T03554,10:26,56.6
T03555,03:54,27.55
T03556,16:16,53.47
T03557,04:09,63.94
T03558,22:14,39.14
T03559,12:15,28.72
T03560,19:10,37.98
T03561,08:07,26.21
T03562,18:43,19.31
T03563,05:28,48.8
T03564,03:26,24.96
T03565,07:17,65.25
T03566,03:45,41.95
T03567,11:34,75.11
T03568,07:31,57.44
T03569,01:43,35.29
T03570,18:25,40.0
T03571,18:11,49.23
T03572,20:45,0.0
T03573,03:07,37.93
T03574,17:33,43.93
T03575,19:26,9.04
T03576,09:48,46.26
T03577,23:16,64.14
T03578,13:37,66.3
T03579,17:09,65.11
T03580,17:04,40.35
T03581,13:18,53.8
T03582,06:52,41.72
T03583,19:42,89.61
T03584,01:43,47.59
T03585,17:40,55.26
T03586,08:44,25.45
T03587,22:50,33.61
T03588,05:24,10.76
T03589,08:28,70.06
T03590,05:26,30.04
T03591,09:14,19.99
T03592,08:49,57.22
T03593,04:06,66.92
T03594,21:15,37.96
T03595,03:35,50.62
T03596,00:07,59.68
T03597,10:13,53.4
T03598,01:01,9.33
T03599,23:38,21.1
T03600,00:42,8.95
T03601,19:49,103.85
T03602,23:57,93.38
T03603,21:14,34.58
T03604,07:20,28.01
T03605,10:49,32.6
T03606,21:13,22.99
T03607,15:01,47.64
T03608,13:26,3.05
T03609,02:41,10.24
T03610,06:16,24.86
T03611,20:01,90.12
T03612,20:43,25.15
T03613,06:21,25.98
T03614,13:45,62.6
T03615,03:03,54.62
T03616,08:46,77.56
T03617,04:43,57.56
T03618,23:58,10.62
T03619,04:05,41.01
T03620,05:22,90.0
T03621,21:52,53.61
T03622,08:06,17.71
T03623,05:11,31.09
T03624,02:01,71.0
T03625,00:16,24.11
T03626,23:32,87.96
T03627,15:58,10.28
T03628,06:03,44.11
T03629,04:19,4.44
T03630,23:14,57.55
T03631,03:39,38.24
T03632,17:33,15.8
T03633,13:39,30.88
T03634,00:51,37.02
T03635,06:17,115.74
T03636,08:54,56.4
T03637,22:34,38.31
T03638,04:00,29.46
T03639,07:23,17.58
T03640,03:59,80.77
T03641,12:08,9.6
T03642,20:32,83.72
T03643,16:42,21.42
T03644,21:56,29.96
T03645,22:48,89.99
T03646,10:08,46.15
T03647,16:47,65.98
T03648,23:02,11.12
T03649,01:00,5.24
T03650,21:27,78.61
T03651,13:42,74.34
T03652,16:28,36.92
T03653,19:22,55.68
T03654,04:14,9.18
T03655,07:05,76.37
T03656,11:15,44.46
T03657,22:43,17.8
T03658,20:42,21.41
T03659,21:13,15.19
T03660,14:32,57.25
T03661,18:01,30.22
T03662,08:37,73.21
T03663,23:28,62.78
T03664,23:41,50.15
T03665,22:10,5.14
T03666,00:57,44.95
T03667,17:30,0.0
T03668,02:34,36.61
T03669,05:03,45.11
T03670,18:43,44.96
T03671,07:45,53.22
T03672,23:45,37.3
T03673,22:41,32.61
T03674,01:37,53.5
T03675,02:34,50.99
T03676,18:39,35.39
T03677,20:38,43.88
T03678,04:51,28.39
T03679,08:09,65.63
T03680,13:14,5.01
T03681,00:05,57.8
T03682,22:39,20.79
T03683,00:33,72.59
T03684,21:06,22.43
T03685,04:22,73.51
T03686,01:46,8.07
T03687,05:48,48.24
T03688,14:46,63.33
T03689,23:41,48.53
T03690,17:46,87.59
T03691,14:33,34.42
T03692,03:22,49.94
T03693,00:00,47.99
T03694,01:27,13.03
T03695,23:53,18.76
T03696,03:58,66.16
T03697,16:15,55.72
T03698,13:47,55.3
T03699,02:52,61.79
T03700,13:51,39.86
T03701,03:49,45.09
T03702,10:05,4.49
T03703,06:20,46.41
T03704,06:50,12.5
T03705,09:53,41.42
T03706,22:02,63.09
T03707,08:51,46.2
T03708,02:02,26.57
T03709,01:30,10.57
T03710,01:00,38.75
T03711,17:34,82.98
T03712,13:11,25.36
T03713,22:44,1.36
T03714,14:33,36.48
T03715,03:36,4.08
T03716,19:29,39.38
T03717,19:27,32.64
T03718,05:59,50.55
T03719,03:47,51.47
T03720,22:16,2.38
T03721,22:09,28.5
T03722,23:22,72.99
T03723,00:28,50.11
T03724,10:47,19.38
T03725,10:22,59.93
T03726,13:43,41.69
T03727,21:41,17.41
T03728,19:48,10.64
T03729,19:18,38.76
T03730,00:32,23.96
T03731,03:21,50.73
T03732,11:28,78.69
T03733,03:49,92.96
T03734,12:31,86.87
T03735,23:53,64.94
T03736,15:39,23.28
T03737,05:32,85.57
T03738,01:45,22.83
T03739,14:52,58.0
T03740,05:09,41.41
T03741,19:47,27.3
T03742,21:53,27.96
T03743,10:19,83.15
T03744,19:53,12.69
T03745,08:48,64.78
T03746,05:16,22.39
T03747,13:08,58.32
T03748,02:20,6.34
T03749,14:57,15.31
T03750,15:08,39.37
T03751,14:13,7.29
T03752,23:43,37.76
T03753,14:33,81.25
T03754,03:13,53.87
T03755,16:10,57.67
T03756,16:02,55.75
T03757,01:34,0.0
T03758,05:02,22.02
T03759,18:26,24.74
T03760,12:19,16.03
T03761,13:56,26.59
T03762,07:59,64.04
T03763,21:51,24.57
T03764,20:18,7.58
T03765,03:14,57.4
T03766,10:45,50.57
T03767,14:08,35.17
T03768,08:11,0.0
T03769,13:54,33.84
T03770,06:40,18.22
T03771,16:08,34.97
T03772,06:08,24.18
T03773,22:47,11.76
T03774,01:29,54.9
T03775,04:11,85.74
T03776,19:39,30.27
T03777,00:47,60.72
T03778,11:13,73.46
T03779,04:49,18.23
T03780,21:56,30.76
T03781,23:31,31.88
T03782,05:43,63.71
T03783,19:25,79.19
T03784,00:06,54.18
T03785,17:50,1.46
T03786,12:57,44.31
T03787,07:30,47.88
T03788,11:53,1.59
T03789,11:05,68.43
T03790,04:05,21.44
T03791,15:03,37.63
T03792,12:38,45.76
T03793,17:28,40.23
T03794,06:15,46.31
T03795,06:16,41.52
T03796,18:06,39.32
T03797,22:29,45.24
T03798,21:14,56.68
T03799,03:22,17.74
T03800,21:09,68.61
T03801,04:54,83.04
T03802,21:49,110.96
T03803,21:30,62.01
T03804,02:23,41.62
T03805,13:45,32.29
T03806,15:05,30.72
T03807,07:41,47.98
T03808,12:08,18.39
T03809,21:09,24.62
T03810,00:49,26.72
T03811,09:49,32.63
T03812,10:57,64.69
T03813,07:22,22.29
T03814,00:27,26.38
T03815,12:27,34.16
T03816,00:08,30.77
T03817,06:13,37.62
T03818,17:52,27.69
T03819,21:29,64.6
T03820,18:49,22.17
T03821,12:46,0.4
T03822,11:05,32.7
T03823,08:05,59.77
T03824,04:49,17.1
T03825,19:42,52.41
T03826,21:44,46.29
T03827,17:28,18.14
T03828,02:17,12.56
T03829,01:27,47.69
T03830,01:34,55.2
T03831,03:01,25.6
T03832,00:14,28.71
T03833,21:14,34.86
T03834,07:48,7.55
T03835,07:27,53.79
T03836,13:13,24.11
T03837,01:20,3.1
T03838,21:32,91.23
T03839,04:02,55.64
T03840,03:28,22.56
T03841,09:44,47.43
T03842,03:17,46.54
T03843,06:45,20.1
T03844,00:58,32.38
T03845,20:23,19.67
T03846,13:58,34.55
T03847,15:09,18.92
T03848,10:23,83.94
T03849,19:39,59.24
T03850,01:43,36.07
T03851,16:24,45.31
T03852,01:58,108.69
T03853,09:32,33.15
T03854,20:58,117.23
T03855,16:42,10.0
T03856,12:03,56.17
T03857,10:09,1.97
T03858,00:27,43.33
T03859,08:46,16.62
T03860,12:22,37.17
T03861,11:14,105.86
T03862,16:14,47.91
T03863,06:49,33.95
T03864,22:57,63.27
T03865,12:34,28.86
T03866,19:06,47.49
T03867,07:43,57.97
T03868,15:04,37.5
T03869,09:24,32.27
T03870,04:44,66.54
T03871,07:27,51.86
T03872,21:25,33.26
T03873,06:31,35.95
T03874,09:05,28.33
T03875,21:32,100.29
T03876,11:39,14.51
T03877,05:54,3.43
T03878,05:22,0.0
T03879,07:08,26.18
T03880,05:34,45.72
T03881,01:07,47.66
T03882,22:38,17.75
T03883,19:06,16.46
T03884,17:58,54.25
T03885,19:23,10.32
T03886,04:04,29.89
T03887,21:02,66.23
T03888,20:22,85.61
T03889,22:30,42.28
T03890,10:21,9.65
T03891,15:46,15.79
T03892,13:21,14.64
T03893,06:00,22.31
T03894,13:05,50.02
T03895,09:54,53.01
T03896,18:17,17.98
T03897,05:02,9.94
T03898,18:36,38.64
T03899,10:55,14.62
T03900,16:36,90.48
T03901,10:43,86.23
T03902,11:53,28.31
T03903,11:08,37.7
T03904,12:50,31.57
T03905,16:57,63.13
T03906,12:22,43.43
T03907,07:15,12.56
T03908,04:23,63.07
T03909,13:37,23.89
T03910,07:04,18.77
T03911,18:06,66.72
T03912,02:00,44.52
T03913,01:55,36.2
T03914,11:20,36.57
T03915,12:41,24.14
T03916,05:01,24.93
T03917,05:14,54.45
T03918,19:41,45.86
T03919,14:42,0.6
T03920,17:28,73.9
T03921,21:48,17.06
T03922,00:01,31.48
T03923,09:21,32.48
T03924,03:11,49.53
T03925,09:07,85.55
T03926,07:47,63.15
T03927,16:23,80.34
T03928,21:57,44.83
T03929,13:19,67.72
T03930,11:06,53.17
T03931,17:30,58.7
T03932,10:35,50.73
T03933,05:25,31.67
T03934,05:05,51.62
T03935,15:17,22.09
T03936,07:14,25.72
T03937,02:45,28.45
T03938,21:52,33.47
T03939,04:11,62.68
T03940,23:35,28.53
T03941,15:12,61.42
T03942,16:01,19.02
T03943,11:18,2.5
T03944,03:13,51.69
T03945,05:17,52.1
T03946,17:10,49.46
T03947,08:50,27.46
T03948,22:12,108.79
T03949,06:45,27.45
T03950,05:52,14.05
T03951,20:25,54.2
T03952,03:58,15.77
T03953,07:27,20.93
T03954,02:13,16.43
T03955,08:52,37.02
T03956,04:12,55.83
T03957,00:19,94.8
T03958,12:16,10.71
T03959,23:15,58.4
T03960,05:59,9.56
T03961,21:07,49.32
T03962,09:51,5.77
T03963,06:37,65.37
T03964,16:21,34.0
T03965,23:15,60.54
T03966,22:16,72.17
T03967,12:01,64.66
T03968,01:19,37.12
T03969,10:27,26.96
T03970,03:05,55.64
T03971,00:57,19.53
T03972,18:30,30.33
T03973,08:25,55.08
T03974,01:19,43.48
T03975,08:26,53.41
T03976,05:14,25.86
T03977,10:50,59.0
T03978,15:02,31.79
T03979,18:25,69.54
T03980,08:44,21.77
T03981,12:28,69.27
T03982,17:53,64.77
T03983,19:30,0.0
T03984,22:51,78.52
T03985,00:38,29.98
T03986,08:13,31.61
T03987,15:34,33.18
T03988,00:34,50.43
T03989,07:25,38.43
T03990,13:08,28.53
T03991,21:24,41.23
T03992,17:04,53.25
T03993,13:28,92.21
T03994,18:57,31.88
T03995,06:45,43.28
T03996,22:49,28.51
T03997,14:32,42.59
T03998,11:31,13.39
T03999,16:34,35.28
T04000,15:31,48.31
T04001,11:06,87.97
T04002,06:05,46.21
T04003,04:07,76.35
T04004,14:33,31.4
T04005,18:20,13.64
T04006,09:12,12.38
T04007,23:10,77.11
T04008,09:25,77.88
T04009,17:06,24.14
T04010,03:04,19.14
T04011,00:01,49.35
T04012,02:30,12.85
T04013,16:15,16.75
T04014,22:03,23.24
T04015,13:52,55.46
T04016,10:14,36.74
T04017,19:18,51.27
T04018,19:56,108.92
T04019,06:16,0.58
T04020,17:26,14.66
T04021,03:19,60.31
T04022,15:18,44.0
T04023,13:08,2.26
T04024,15:51,67.9
T04025,21:56,11.34
T04026,12:11,44.18
T04027,14:06,37.26
T04028,01:17,28.29
T04029,05:23,44.86
T04030,08:42,65.82
T04031,05:36,57.66
T04032,09:52,49.81
T04033,13:15,33.98
T04034,17:29,60.86
T04035,02:36,79.83
T04036,11:29,51.22
T04037,10:04,28.54
T04038,11:56,61.55
T04039,00:42,65.19
T04040,01:04,79.81
T04041,06:55,22.06
T04042,00:14,43.27
T04043,22:23,43.81
T04044,21:36,77.67
T04045,17:07,88.37
T04046,03:23,19.0
T04047,20:26,30.47
T04048,03:35,20.51
T04049,15:45,44.44
T04050,12:39,36.58
T04051,12:40,10.46
T04052,08:30,37.83
T04053,20:15,32.35
T04054,22:06,27.27
T04055,05:27,47.98
T04056,05:28,36.92
T04057,07:53,43.87
T04058,22:42,8.9
T04059,15:52,34.7
T04060,05:10,93.99
T04061,21:50,33.68
T04062,23:32,41.09
T04063,14:35,43.23
T04064,00:38,20.69
T04065,19:34,70.28
T04066,09:54,52.88
T04067,22:33,54.06
T04068,11:39,31.19
T04069,15:12,55.86
T04070,12:38,66.37
T04071,12:44,47.99
T04072,12:58,26.59
T04073,20:26,17.3
T04074,00:09,33.36
T04075,23:13,19.31
T04076,21:56,37.27
T04077,21:34,64.24
T04078,20:32,50.24
T04079,23:47,48.54
T04080,22:40,67.05
T04081,23:31,71.18
T04082,12:12,35.84
T04083,12:32,28.34
T04084,00:11,61.95
T04085,21:46,40.52
T04086,15:40,20.69
T04087,23:52,2.9
T04088,06:42,56.21
T04089,14:22,23.54
T04090,19:47,31.08
T04091,23:46,42.01
T04092,12:23,45.92
T04093,01:11,12.27
T04094,04:04,20.94
T04095,06:15,95.8
T04096,06:54,42.26
T04097,14:53,10.15
T04098,06:50,3.77
T04099,17:30,39.72
T04100,19:54,113.71
T04101,03:48,35.75
T04102,05:35,38.72
T04103,14:04,28.87
T04104,02:55,34.1
T04105,00:51,53.8
T04106,16:41,10.26
T04107,06:39,3.24
T04108,12:17,55.71
T04109,04:55,4.36
T04110,14:46,66.59
T04111,03:21,45.6
T04112,17:35,76.61
T04113,15:22,8.32
T04114,18:10,49.33
T04115,10:32,33.37
T04116,22:22,0.0
T04117,05:56,38.31
T04118,18:32,17.08
T04119,16:53,34.76
T04120,03:14,100.23
T04121,18:57,27.93
T04122,00:33,31.48
T04123,09:37,85.25
T04124,01:49,41.2
T04125,00:22,61.79
T04126,08:14,43.11
T04127,19:03,6.18
T04128,01:22,0.0
T04129,20:03,16.34
T04130,17:41,11.89
T04131,00:19,77.28
T04132,16:24,52.45
T04133,11:44,17.73
T04134,07:37,36.36
T04135,07:07,33.7
T04136,14:01,78.94
T04137,01:25,50.55
T04138,13:29,40.44
T04139,05:10,43.72
T04140,17:16,8.57
T04141,05:02,65.33
T04142,12:16,64.21
T04143,02:11,56.93
T04144,18:26,26.31
T04145,01:12,84.5
T04146,02:30,39.62
T04147,23:35,20.53
T04148,02:06,58.59
T04149,09:28,26.24
T04150,20:13,32.42
T04151,05:12,34.4
T04152,21:46,39.03
T04153,02:49,33.61
T04154,17:25,100.94
T04155,12:11,14.25
T04156,22:46,27.27
T04157,18:02,44.08
T04158,18:30,93.49
T04159,23:36,62.12
T04160,01:58,36.94
T04161,19:50,19.06
T04162,07:19,21.38
T04163,16:20,6.22
T04164,17:45,32.93
T04165,00:06,14.03
T04166,08:20,36.77
T04167,14:22,15.15
T04168,02:54,97.89
T04169,12:36,17.82
T04170,09:53,59.1
T04171,15:40,39.5
T04172,14:02,0.0
T04173,13:46,95.11
T04174,17:46,43.93
T04175,01:56,22.02
T04176,20:57,69.1
T04177,09:46,55.52
T04178,01:24,63.08
T04179,20:38,71.93
T04180,01:13,74.18
T04181,02:29,38.36
T04182,13:04,18.9
T04183,18:15,46.65
T04184,01:01,85.14
T04185,06:08,44.57
T04186,07:19,11.39
T04187,21:30,13.02
T04188,17:37,19.86
T04189,12:40,38.73
T04190,12:15,58.47
T04191,21:51,60.81
T04192,04:10,51.45
T04193,12:14,81.28
T04194,05:58,30.68
T04195,14:25,25.27
T04196,12:14,44.65
T04197,17:20,7.6
T04198,18:38,33.91
T04199,17:44,24.79
T04200,06:01,45.28
T04201,15:58,50.14
T04202,06:11,62.52
T04203,01:32,18.88
T04204,01:47,36.84
T04205,15:47,70.95
T04206,17:45,0.0
T04207,23:03,47.08
T04208,22:06,12.31
T04209,22:11,9.92
T04210,12:11,65.88
T04211,14:35,28.51
T04212,08:06,53.3
T04213,12:47,54.04
T04214,03:43,62.46
T04215,04:50,49.0
T04216,11:34,13.57
T04217,11:57,27.83
T04218,00:21,11.4
T04219,10:38,39.32
T04220,00:30,24.58
T04221,11:39,67.65
T04222,00:56,84.2
T04223,11:13,0.0
T04224,18:49,47.34
T04225,05:31,67.11
T04226,03:13,14.91
T04227,17:47,71.34
T04228,00:08,42.95
T04229,05:21,87.36
T04230,02:09,31.61
T04231,17:33,60.37
T04232,08:56,44.38
T04233,07:35,14.88
T04234,11:42,28.46
T04235,00:01,54.03
T04236,14:52,6.57
T04237,03:40,78.92
T04238,03:36,38.13
T04239,15:41,3.99
T04240,14:12,58.53
T04241,05:28,29.05
T04242,14:20,37.99
T04243,05:21,43.99
T04244,09:55,34.15
T04245,03:26,60.81
T04246,05:56,80.1
T04247,07:17,20.74
T04248,00:26,16.73
T04249,09:14,26.32
T04250,16:29,42.52
T04251,02:13,20.01
T04252,22:53,43.43
T04253,17:29,34.86
T04254,14:05,43.71
T04255,23:26,51.45
T04256,09:49,42.62
T04257,11:41,64.41
T04258,04:31,45.11
T04259,01:00,62.77
T04260,14:10,30.52
T04261,14:57,99.0
T04262,05:39,53.92
T04263,20:42,104.45
T04264,05:39,42.46
T04265,19:30,67.87
T04266,14:40,16.24
T04267,06:12,40.68
T04268,09:11,22.66
T04269,10:38,67.28
T04270,18:59,26.86
T04271,17:40,46.26
T04272,11:16,52.01
T04273,05:47,38.35
T04274,01:24,88.67
T04275,13:35,2.16
T04276,19:45,25.67
T04277,09:27,17.17
T04278,09:28,57.44
T04279,06:39,81.15
T04280,04:44,45.19
T04281,08:33,24.47
T04282,18:54,61.43
T04283,06:11,70.43
T04284,18:04,30.79
T04285,16:37,44.72
T04286,07:11,53.87
T04287,23:50,22.27
T04288,14:52,34.92
T04289,23:33,35.42
T04290,13:55,24.95
T04291,05:10,53.43
T04292,04:12,50.0
T04293,08:09,23.13
T04294,05:52,20.66
T04295,15:37,57.18
T04296,21:58,9.58
T04297,22:28,8.34
T04298,04:20,21.82
T04299,16:44,24.43
T04300,18:26,44.44
T04301,22:00,80.03
T04302,04:43,6.08
T04303,08:03,20.39
T04304,16:42,93.02
T04305,06:43,57.04
T04306,05:27,75.98
T04307,18:13,79.58
T04308,06:43,43.73
T04309,16:35,60.46
T04310,22:53,42.04
T04311,23:49,93.85
T04312,21:17,40.5
T04313,12:17,47.48
T04314,07:17,81.13
T04315,08:28,32.36
T04316,16:37,66.67
T04317,19:38,16.44
T04318,09:06,0.0
T04319,10:01,35.42
T04320,08:11,29.79
T04321,06:29,60.14
T04322,03:51,29.56
T04323,22:27,19.14
T04324,16:14,36.52
T04325,07:12,11.07
T04326,17:02,49.66
T04327,18:02,13.39
T04328,22:00,40.19
T04329,14:55,28.46
T04330,02:18,61.34
T04331,08:24,63.07
T04332,02:57,98.32
T04333,07:54,18.73
T04334,07:51,62.56
T04335,20:19,40.74
T04336,19:36,2.75
T04337,01:31,40.0
T04338,22:52,31.93
T04339,17:29,25.75
T04340,16:55,42.22
T04341,06:28,18.34
T04342,22:58,44.2
T04343,06:31,33.03
T04344,14:21,68.32
T04345,07:36,36.23
T04346,01:15,27.45
T04347,17:50,85.5
T04348,05:38,20.46
T04349,09:14,94.59
T04350,02:39,82.91
T04351,13:26,45.65
T04352,01:15,79.93
T04353,02:24,20.82
T04354,00:36,51.31
T04355,01:04,64.84
T04356,18:13,35.61
T04357,00:12,35.44
T04358,20:23,29.39
T04359,11:13,46.49
T04360,00:42,23.43
T04361,06:31,25.92
T04362,18:39,9.4
T04363,13:49,44.59
T04364,18:00,43.53
T04365,22:44,10.22
T04366,12:36,35.75
T04367,12:53,30.62
T04368,04:01,33.98
T04369,00:58,33.66
T04370,12:42,72.93
T04371,20:57,38.97
T04372,20:32,27.31
T04373,06:06,53.48
T04374,08:14,69.55
T04375,20:37,44.56
T04376,00:25,32.82
T04377,08:01,58.33
T04378,14:29,70.92
T04379,04:30,28.15
T04380,19:23,45.27
T04381,01:09,52.96
T04382,18:22,32.55
T04383,16:12,52.93
T04384,11:33,64.48
T04385,18:06,91.51
T04386,03:38,40.81
T04387,22:45,41.51
T04388,01:20,70.53
T04389,03:32,22.58
T04390,04:16,74.71
T04391,06:24,44.63
T04392,05:27,40.69
T04393,12:39,39.82
T04394,14:39,81.41
T04395,09:10,37.11
T04396,12:35,59.79
T04397,04:48,30.05
T04398,07:49,58.98
T04399,12:09,36.03
T04400,15:46,17.87
T04401,23:52,6.26
T04402,17:33,48.37
T04403,10:33,7.62
T04404,15:47,43.04
T04405,22:13,1.79
T04406,03:45,11.52
T04407,03:28,25.09
T04408,20:28,78.92
T04409,21:16,41.42
T04410,20:21,21.39
T04411,11:01,69.66
T04412,23:50,31.21
T04413,14:10,71.9
T04414,18:32,51.42
T04415,03:29,52.74
T04416,23:59,46.23
T04417,08:41,5.36
T04418,17:01,24.72
T04419,13:41,80.25
T04420,18:47,9.82
T04421,00:56,61.51
T04422,15:39,26.83
T04423,07:30,17.62
T04424,19:42,33.58
T04425,15:55,0.0
T04426,03:42,45.96
T04427,17:35,44.14
T04428,22:13,43.56
T04429,16:56,8.83
T04430,18:05,40.37
T04431,13:26,41.19
T04432,10:39,46.73
T04433,16:48,43.72
T04434,07:40,90.64
T04435,09:18,33.85
T04436,14:21,46.45
T04437,23:27,37.56
T04438,04:26,51.34
T04439,11:35,24.63
T04440,12:29,35.1
T04441,22:05,43.12
T04442,08:03,84.11
T04443,13:00,37.74
T04444,00:52,40.36
T04445,17:37,85.91
T04446,09:29,8.48
T04447,09:00,28.34
T04448,08:50,48.24
T04449,21:22,52.81
T04450,22:57,12.09
T04451,21:40,97.42
T04452,01:52,57.37
T04453,20:46,66.66
T04454,06:23,53.32
T04455,21:27,39.82
T04456,04:23,81.27
T04457,20:58,61.98
T04458,23:04,17.48
T04459,04:45,40.89
T04460,03:41,38.61
T04461,22:35,32.77
T04462,17:50,33.94
T04463,20:41,54.51
T04464,22:26,32.1
T04465,07:27,90.22
T04466,12:07,34.53
T04467,14:17,111.22
T04468,01:09,5.56
T04469,16:53,44.93
T04470,02:47,36.76
T04471,09:17,39.55
T04472,17:45,79.16
T04473,00:05,12.95
T04474,08:57,22.76
T04475,11:34,65.63
T04476,23:33,88.69
T04477,02:40,33.64
T04478,23:05,0.0
T04479,19:06,26.21
T04480,06:19,29.19
T04481,20:58,35.06
T04482,00:19,64.58
T04483,22:01,20.34
T04484,23:49,41.57
T04485,12:53,8.96
T04486,08:21,13.89
T04487,13:26,12.01
T04488,06:24,13.82
T04489,22:54,26.39
T04490,15:51,29.96
T04491,12:30,41.72
T04492,16:50,117.94
T04493,05:35,33.74
T04494,05:20,46.59
T04495,23:39,72.25
T04496,22:57,67.46
T04497,11:25,41.74
T04498,00:43,53.77
T04499,17:18,29.92
T04500,07:42,73.76
T04501,04:44,71.46
T04502,05:43,13.52
T04503,18:58,38.63
T04504,13:33,51.69
T04505,11:08,24.46
T04506,13:25,90.45
T04507,14:10,40.78
T04508,21:16,19.08
T04509,11:41,22.01
T04510,18:16,65.09
T04511,19:59,30.63
T04512,00:02,95.55
T04513,16:27,34.59
T04514,00:44,81.41
T04515,16:11,28.66
T04516,02:28,29.49
T04517,16:20,14.22
T04518,09:05,29.75
T04519,00:47,37.32
T04520,10:41,45.06
T04521,17:06,54.23
T04522,05:01,53.23
T04523,02:27,82.33
T04524,05:20,29.15
T04525,12:43,33.85
T04526,21:38,29.61
T04527,09:47,28.39
T04528,08:19,25.08
T04529,03:05,19.46
T04530,22:47,72.05
T04531,16:33,83.18
T04532,16:23,48.82
T04533,22:31,18.4
T04534,15:01,128.66
T04535,07:48,0.0
T04536,05:52,92.98
T04537,11:11,14.28
T04538,22:17,31.55
T04539,13:06,32.43
T04540,16:20,38.85
T04541,00:51,37.21
T04542,08:18,55.09
T04543,17:35,43.38
T04544,20:17,29.34
T04545,21:35,81.08
T04546,06:24,22.24
T04547,13:22,17.93
T04548,20:27,16.96
T04549,10:10,51.38
T04550,15:38,36.99
T04551,06:22,72.34
T04552,16:53,0.0
T04553,03:14,52.6
T04554,04:13,32.7
T04555,00:29,19.22
T04556,19:03,31.45
T04557,15:04,64.94
T04558,21:56,31.31
T04559,02:34,75.37
T04560,00:05,25.25
T04561,14:32,0.0
T04562,16:19,34.22
T04563,17:50,27.15
T04564,05:42,15.4
T04565,14:02,67.44
T04566,04:45,45.77
T04567,18:28,12.34
T04568,20:14,28.54
T04569,02:05,36.98
T04570,04:31,36.74
T04571,12:01,58.69
T04572,11:57,41.55
T04573,22:35,77.35
T04574,08:34,23.91
T04575,13:26,25.75
T04576,09:58,18.16
T04577,04:05,43.51
T04578,18:56,69.32
T04579,05:55,50.05
T04580,04:46,0.0
T04581,16:03,36.01
T04582,15:38,54.08
T04583,00:32,40.53
T04584,14:20,18.73
T04585,11:40,38.34
T04586,00:27,47.23
T04587,17:05,19.68
T04588,21:13,26.69
T04589,12:22,21.03
T04590,10:20,94.09
T04591,03:37,44.36
T04592,07:19,43.64
T04593,20:28,56.37
T04594,07:55,11.17
T04595,19:12,42.79
T04596,14:31,74.0
T04597,06:27,70.65
T04598,02:20,42.74
T04599,22:01,43.92
T04600,14:34,81.25
T04601,14:03,21.22
T04602,09:55,86.1
T04603,21:03,43.39
T04604,07:58,57.74
T04605,08:31,87.61
T04606,00:29,44.49
T04607,15:25,48.03
T04608,20:12,51.38
T04609,16:57,58.69
T04610,10:23,2.56
T04611,14:34,25.82
T04612,00:32,61.35
T04613,23:58,108.65
T04614,08:47,22.35
T04615,19:00,55.99
T04616,17:37,15.47
T04617,23:55,22.43
T04618,11:15,87.76
T04619,22:17,48.75
T04620,20:51,74.7
T04621,11:57,21.81
T04622,01:21,33.9
T04623,00:11,40.88
T04624,17:29,21.89
T04625,04:34,88.12
T04626,06:30,23.91
T04627,06:13,18.14
T04628,00:10,45.0
T04629,12:27,39.1
T04630,20:01,44.31
T04631,11:59,19.94
T04632,22:37,57.49
T04633,17:16,42.3
T04634,08:30,36.9
T04635,15:12,54.94
T04636,06:15,50.29
T04637,18:30,37.51
T04638,16:12,91.84
T04639,04:12,48.68
T04640,14:12,46.77
T04641,20:41,40.42
T04642,05:17,38.48
T04643,04:03,85.55
T04644,13:54,53.65
T04645,08:28,78.36
T04646,16:31,48.7
T04647,01:35,48.04
T04648,21:22,58.88
T04649,07:20,26.51
T04650,12:23,37.63
T04651,16:47,48.02
T04652,10:42,34.49
T04653,01:09,56.31
T04654,15:44,89.56
T04655,15:19,64.69
T04656,17:12,31.31
T04657,20:10,17.4
T04658,05:46,31.73
T04659,03:19,79.33
T04660,22:11,28.49
T04661,17:22,52.54
T04662,14:14,58.02
T04663,04:23,38.67
T04664,17:52,7.94
T04665,16:48,56.33
T04666,10:26,35.94
T04667,00:33,44.58
T04668,14:03,78.7
T04669,21:06,38.66
T04670,03:06,0.0
T04671,09:33,45.65
T04672,04:12,26.67
T04673,13:56,14.11
T04674,08:27,37.3
T04675,08:24,18.62
T04676,22:55,51.23
T04677,15:48,0.0
T04678,08:56,35.11
T04679,15:42,81.1
T04680,09:02,26.63
T04681,02:27,39.48
T04682,17:05,47.7
T04683,12:41,65.25
T04684,10:24,65.5
T04685,18:53,13.87
T04686,23:31,63.73
T04687,05:17,30.23
T04688,05:28,50.42
T04689,13:27,71.47
T04690,01:01,7.97
T04691,10:18,69.9
T04692,09:45,82.36
T04693,00:32,37.9
T04694,16:41,62.15
T04695,20:46,37.52
T04696,17:30,70.95
T04697,14:02,67.78
T04698,06:59,64.37
T04699,06:25,55.23
T04700,22:05,61.87
T04701,09:34,21.42
T04702,09:20,42.21
T04703,04:12,31.7
T04704,16:42,73.47
T04705,01:53,60.06
T04706,17:04,7.59
T04707,08:05,102.77
T04708,13:22,42.09
T04709,16:13,9.25
T04710,19:04,70.56
T04711,03:08,17.2
T04712,19:11,38.62
T04713,09:39,48.59
T04714,23:51,52.1
T04715,08:27,73.84
T04716,14:11,0.0
T04717,09:07,32.3
T04718,00:09,57.37
T04719,03:37,40.43
T04720,09:22,19.23
T04721,08:35,58.31
T04722,14:46,40.8
T04723,02:13,53.26
T04724,06:48,18.78
T04725,02:30,0.0
T04726,18:05,28.32
T04727,15:35,16.99
T04728,18:53,26.53
T04729,15:28,39.13
T04730,19:49,58.09
T04731,14:53,53.93
T04732,14:01,23.13
T04733,21:04,53.63
T04734,15:42,10.28
T04735,10:49,93.08
T04736,11:32,75.85
T04737,17:20,61.38
T04738,04:31,43.47
T04739,00:51,31.91
T04740,15:50,40.04
T04741,14:23,40.02
T04742,14:46,25.03
T04743,18:53,61.32
T04744,03:48,0.0
T04745,10:07,35.89
T04746,17:35,65.69
T04747,10:46,47.71
T04748,18:47,4.89
T04749,05:53,41.82
T04750,05:58,4.03
T04751,22:29,79.54
T04752,16:49,68.25
T04753,14:42,53.5
T04754,08:08,9.53
T04755,10:11,48.11
T04756,11:57,71.14
T04757,00:15,55.63
T04758,14:15,39.07
T04759,13:41,41.82
T04760,14:15,53.51
T04761,04:58,29.32
T04762,23:06,54.99
T04763,23:29,73.49
T04764,11:24,23.76
T04765,14:04,104.38
T04766,23:25,13.43
T04767,16:46,18.29
T04768,03:06,51.93
T04769,00:31,61.34
T04770,16:43,101.16
T04771,00:04,66.58
T04772,07:58,41.31
T04773,12:35,32.68
T04774,20:32,11.51
T04775,12:04,36.32
T04776,17:10,122.95
T04777,11:26,37.0
T04778,05:26,31.55
T04779,10:16,40.8
T04780,03:50,82.91
T04781,19:04,30.58
T04782,17:54,21.7
T04783,00:13,5.24
T04784,00:23,98.03
T04785,13:05,68.05
T04786,06:17,6.28
T04787,08:18,49.99
T04788,07:42,59.46
T04789,10:05,87.43
T04790,04:52,45.82
T04791,14:01,36.22
T04792,02:22,29.57
T04793,16:41,18.75
T04794,13:50,48.86
T04795,11:23,33.19
T04796,10:40,64.24
T04797,03:29,42.96
T04798,02:51,16.38
T04799,06:41,50.85
T04800,03:15,39.93
T04801,21:26,74.55
T04802,22:08,41.41
T04803,15:35,39.66
T04804,20:55,34.73
T04805,21:16,40.11
T04806,18:01,72.6
T04807,15:09,73.26
T04808,18:33,15.25
T04809,12:35,34.9
T04810,11:06,39.37
T04811,08:11,34.83
T04812,11:09,35.58
T04813,22:20,68.48
T04814,23:52,57.75
T04815,06:56,7.97
T04816,10:06,55.86
T04817,18:31,53.51
T04818,05:10,36.24
T04819,11:08,13.72
T04820,21:57,44.91
T04821,05:49,22.6
T04822,07:35,46.8
T04823,05:24,28.62
T04824,12:20,19.17
T04825,01:09,75.41
T04826,12:33,30.11
T04827,12:47,35.93
T04828,13:02,25.85
T04829,06:27,55.57
T04830,16:09,2.39
T04831,06:10,3.31
T04832,20:23,61.5
T04833,13:59,47.59
T04834,17:32,69.05
T04835,17:16,69.56
T04836,00:24,0.26
T04837,03:53,31.28
T04838,03:24,57.63
T04839,08:10,26.25
T04840,21:24,33.98
T04841,01:26,69.53
T04842,10:42,40.01
T04843,07:58,47.01
T04844,04:35,2.4
T04845,23:08,38.0
T04846,20:09,18.46
T04847,00:55,73.63
T04848,20:16,50.79
T04849,05:38,27.91
T04850,00:36,45.9
T04851,12:35,39.54
T04852,05:27,26.16
T04853,10:20,55.63
T04854,09:35,56.58
T04855,00:59,38.81
T04856,02:27,40.1
T04857,02:17,43.02
T04858,20:27,41.4
T04859,05:18,12.68
T04860,07:39,34.1
T04861,03:45,15.69
T04862,17:56,28.4
T04863,20:34,43.39
T04864,10:18,48.53
T04865,04:53,33.15
T04866,12:59,80.73
T04867,04:00,30.65
T04868,18:35,23.24
T04869,17:23,75.05
T04870,21:58,53.65
T04871,23:11,46.58
T04872,03:58,43.81
T04873,06:12,26.19
T04874,11:15,30.36
T04875,19:12,39.46
T04876,09:36,48.03
T04877,13:51,28.43
T04878,19:35,48.2
T04879,13:11,31.66
T04880,06:27,16.45
T04881,20:05,3.29
T04882,12:33,13.21
T04883,16:07,37.58
T04884,21:52,57.44
T04885,15:14,61.45
T04886,08:56,22.92
T04887,00:12,55.03
T04888,17:04,5.68
T04889,05:36,20.12
T04890,16:28,39.68
T04891,21:58,52.55
T04892,11:10,22.89
T04893,03:50,60.02
T04894,20:38,37.15
T04895,03:30,16.44
T04896,03:42,35.9
T04897,09:08,0.0
T04898,15:08,41.3
T04899,16:56,45.62
T04900,16:20,8.55
T04901,21:19,5.87
T04902,00:23,36.86
T04903,19:54,5.87
T04904,17:07,34.13
T04905,18:27,64.56
T04906,23:39,66.41
T04907,05:53,47.43
T04908,21:22,42.37
T04909,22:58,49.06
T04910,14:37,43.21
T04911,01:52,27.97
T04912,16:42,16.12
T04913,11:00,52.84
T04914,01:23,79.4
T04915,18:49,67.93
T04916,00:12,33.98
T04917,02:18,30.24
T04918,05:34,64.98
T04919,08:12,47.12
T04920,14:07,42.27
T04921,08:29,36.81
T04922,07:50,33.4
T04923,04:21,35.33
T04924,21:26,17.95
T04925,05:27,44.32
T04926,10:47,47.96
T04927,16:53,34.25
T04928,21:15,37.64
T04929,22:47,79.11
T04930,04:29,55.35
T04931,14:17,8.72
T04932,01:05,104.93
T04933,13:07,14.16
T04934,20:48,19.41
T04935,06:54,58.52
T04936,16:44,56.52
T04937,16:33,27.26
T04938,20:34,56.99
T04939,22:16,45.05
T04940,14:19,76.81
T04941,09:55,62.93
T04942,09:25,28.5
T04943,17:13,52.68
T04944,08:55,33.17
T04945,05:11,86.56
T04946,19:26,55.63
T04947,14:05,23.01
T04948,23:14,43.1
T04949,19:30,66.81
T04950,21:50,26.38
T04951,04:30,53.96
T04952,18:40,34.45
T04953,07:37,14.16
T04954,23:31,34.36
T04955,13:25,40.19
T04956,12:25,44.78
T04957,15:09,33.02
T04958,14:31,99.13
T04959,14:33,51.04
T04960,19:17,66.77
T04961,10:17,11.92
T04962,01:19,33.0
T04963,09:01,39.97
T04964,11:53,38.33
T04965,01:49,29.8
T04966,21:09,53.29
T04967,18:22,33.15
T04968,11:30,43.94
T04969,12:36,47.87
T04970,17:06,72.76
T04971,12:13,34.64
T04972,08:05,45.15
T04973,00:00,55.08
T04974,12:18,99.14
T04975,06:20,32.76
T04976,10:25,91.04
T04977,12:05,44.14
T04978,05:24,14.63
T04979,04:01,49.16
T04980,17:37,53.79
T04981,10:37,49.84
T04982,06:52,87.63
T04983,02:15,3.19
T04984,00:01,83.9
T04985,08:48,39.47
T04986,17:25,3.54
T04987,13:29,83.06
T04988,10:17,38.36
T04989,10:35,21.16
T04990,02:10,55.53
T04991,21:53,36.85
T04992,09:06,73.02
T04993,09:16,80.97
T04994,21:35,44.37
T04995,00:52,34.31
T04996,20:46,76.45
T04997,18:30,55.2
T04998,13:50,39.84
T04999,13:28,48.23
T05000,00:33,77.71
